gender,Male,height,180
count,timestamp,x,y,z
0,1700738917273,0.17238252,6.5816603,8.418014
1,1700738917273,0.2896984,6.6056023,8.477868
2,1700738917285,-0.033518825,6.3781533,8.968679
3,1700738917300,-0.08140286,6.0956373,9.260772
4,1700738917322,-0.09816227,6.105214,8.9040365
5,1700738917342,-0.34476504,5.592855,8.425196
6,1700738917361,-0.29927522,5.1906295,8.025364
7,1700738917380,-0.4213795,4.9895163,7.690176
8,1700738917401,-0.5602432,4.7764325,7.4603324
9,1700738917421,-0.7613561,4.4484267,7.067683
10,1700738917444,-0.6847417,4.1683054,6.766014
11,1700738917460,-0.557849,4.256891,5.877765
12,1700738917481,-0.5506664,4.012682,5.463568
13,1700738917500,-0.58897364,3.347094,5.4300494
14,1700738917522,-0.9696517,2.516306,5.602432
15,1700738917542,-0.48602295,1.9919758,5.542577
16,1700738917561,0.62249243,2.0135236,5.3103395
17,1700738917580,1.1061212,2.6599581,4.807557
18,1700738917601,0.9864111,2.3558946,4.759673
19,1700738917621,0.7685388,2.9831753,5.8466406
20,1700738917642,1.0941502,4.793192,7.967903
21,1700738917661,4.201824,7.773973,13.678074
22,1700738917681,7.4387846,9.339781,17.310078
23,1700738917701,3.4045548,11.621455,20.278889
24,1700738917722,-0.7326257,6.6295447,23.79597
25,1700738917742,-0.6368576,3.241749,24.322695
26,1700738917761,-2.504335,-0.33518824,22.869415
27,1700738917781,-2.5115175,-0.82360536,18.344374
28,1700738917805,-1.9416976,-1.6041151,12.229582
29,1700738917825,-2.4349031,-2.1284454,5.6000376
30,1700738917842,-0.8523358,-3.9073372,3.2249897
31,1700738917861,-0.10295067,-5.693412,-0.49081135
32,1700738917881,-2.3247697,-4.307169,-5.4563856
33,1700738917901,0.641646,-6.6295447,-6.157887
34,1700738917923,-0.81402856,-5.267244,-6.8569937
35,1700738917942,-2.4468741,-1.4748282,-8.662222
36,1700738917962,-6.375759,1.9728222,-11.092337
37,1700738917981,-9.524135,3.7565024,-12.823344
38,1700738918002,-14.197616,4.9081135,-14.954184
39,1700738918022,-18.239029,1.769315,-12.210428
40,1700738918042,-22.000319,-0.8403648,-11.611878
41,1700738918061,-26.685772,-4.6471453,-9.208099
42,1700738918082,-38.544254,-10.113108,-7.0485296
43,1700738918102,-42.202595,-14.377181,-10.532093
44,1700738918124,-60.28121,-26.841394,-18.289307
45,1700738918142,-43.67024,-62.78315,3.052607
46,1700738918162,-31.105469,-47.40998,2.5450363
47,1700738918182,-19.22544,-39.686287,-0.11971009
48,1700738918204,-10.69011,-30.971394,1.2904748
49,1700738918225,-4.709395,-21.98356,-0.19153613
50,1700738918243,-2.4540567,-19.900604,0.22026655
51,1700738918262,1.1923125,-15.128961,0.80205756
52,1700738918283,2.9879637,-10.824186,0.18435353
53,1700738918302,5.705383,-7.2783732,-1.2641385
54,1700738918323,6.8282633,-5.959168,-2.0278888
55,1700738918342,6.0262055,-7.1347213,-0.62728083
56,1700738918362,5.305551,-6.6726403,0.19632454
57,1700738918382,5.4324436,-5.4803276,-0.40701428
58,1700738918404,5.7389016,-5.3223104,-0.9528923
59,1700738918425,5.5282116,-5.207389,0.90979666
60,1700738918443,5.080496,-5.257667,2.066196
61,1700738918462,4.8458643,-5.221754,2.5139117
62,1700738918482,4.3143516,-6.2871737,3.181894
63,1700738918505,3.9911342,-8.796297,3.1316159
64,1700738918525,1.9991584,-12.198458,0.51714754
65,1700738918542,0.49559975,-23.891739,-1.7310078
66,1700738918563,-12.703634,-43.940784,4.122815
67,1700738918582,-16.366762,-51.422665,6.5457473
68,1700738918605,-21.332336,-51.827286,-1.1994951
69,1700738918625,-25.605988,-51.863197,-2.5258827
70,1700738918643,-31.531637,-45.77953,-2.3415294
71,1700738918662,-33.526005,-35.307293,-5.0278234
72,1700738918683,-29.980194,-23.247698,-10.218452
73,1700738918704,-22.864626,-10.424355,-13.850457
74,1700738918725,-15.495274,-2.1021092,-13.596671
75,1700738918743,-11.930307,0.40701428,-10.668563
76,1700738918763,-11.918336,2.3774424,-8.635885
77,1700738918782,-11.592725,7.228095,-8.791509
78,1700738918804,-10.323798,12.720393,-8.571242
79,1700738918826,-10.242394,16.376339,-8.183381
80,1700738918843,-11.6190605,15.471332,-7.553706
81,1700738918863,-13.579912,12.586318,-6.945579
82,1700738918883,-15.897499,7.752425,-7.711724
83,1700738918904,-18.294096,4.5777135,-7.524976
84,1700738918925,-20.829556,0.34237084,-6.576872
85,1700738918943,-24.791958,-2.693477,-5.556942
86,1700738918963,-26.539726,-5.6431336,-9.030929
87,1700738918983,-30.581139,-8.887277,-9.964667
88,1700738919005,-33.856407,-12.564771,-9.02614
89,1700738919025,-38.989574,-15.887922,-12.3516865
90,1700738919043,-47.785873,-42.164288,-12.806585
91,1700738919063,-33.080685,-54.116142,-6.6893997
92,1700738919084,-22.436064,-41.39096,-4.900931
93,1700738919104,-11.686098,-31.8357,-3.3303347
94,1700738919126,-4.4077253,-23.817518,3.2369606
95,1700738919143,-0.8858546,-16.931795,7.489063
96,1700738919164,1.0342951,-10.496181,5.9160724
97,1700738919183,4.6686935,-6.0740895,1.7405846
98,1700738919205,7.5561004,-4.4819455,1.1540052
99,1700738919226,8.628703,-3.5529952,2.3343468
100,1700738919245,9.991004,-3.7205894,3.643975
101,1700738919263,10.649409,-4.0821137,3.5936968
102,1700738919284,9.109938,-7.1490865,3.751714
103,1700738919305,7.8266454,-8.664616,2.4372973
104,1700738919348,5.499481,-11.496957,1.3599066
105,1700738919348,2.396596,-16.869545,1.6136919
106,1700738919364,-1.2066777,-24.116795,0.6631939
107,1700738919383,-5.901707,-30.954634,-1.8938135
108,1700738919405,-9.572019,-34.49566,-4.259285
109,1700738919427,-35.58502,-43.617565,-3.1292217
110,1700738919458,-29.228415,-51.678844,-0.866701
111,1700738919466,-38.264133,-47.12986,-4.6255975
112,1700738919488,-39.61925,-36.89704,-7.5704656
113,1700738919525,-35.388695,-23.36262,-9.579201
114,1700738919525,-27.109547,-13.431472,-9.92636
115,1700738919568,-19.788076,-5.9519854,-10.371682
116,1700738919569,-14.590265,-1.0654198,-9.940725
117,1700738919593,-11.686098,0.23463176,-8.796297
118,1700738919632,-10.5919485,1.3455414,-7.6231384
119,1700738919633,-9.370906,6.4427967,-7.153875
120,1700738919645,-8.662222,11.188105,-7.21373
121,1700738919664,-10.21127,16.103401,-7.7452426
122,1700738919685,-11.18571,17.647661,-8.980651
123,1700738919772,-12.243947,16.639702,-8.700529
124,1700738919777,-13.388376,11.654974,-7.565677
125,1700738919777,-15.363592,7.410054,-7.726089
126,1700738919857,-17.669209,4.0940847,-8.149862
127,1700738919858,-20.487185,0.25378537,-9.315839
128,1700738919858,-22.539015,-0.5506664,-10.225636
129,1700738919859,-28.94111,-4.7668557,-13.208811
130,1700738919860,-34.909855,-10.658986,-14.528016
131,1700738919889,-41.730934,-16.345215,-13.924677
132,1700738919891,-48.69088,-38.25216,-7.8793178
133,1700738919904,-38.908173,-46.00698,0.4381389
134,1700738919925,-28.637047,-37.857117,-0.15322891
135,1700738919944,-17.355568,-29.678524,1.7501614
136,1700738919967,-10.505757,-21.29403,3.6056678
137,1700738919986,-5.801151,-17.48246,5.707777
138,1700738920005,-2.705448,-12.818556,5.717354
139,1700738920026,-1.6208745,-8.827422,4.2664676
140,1700738920046,0.50996494,-5.403713,2.4133554
141,1700738920064,3.1531637,-4.072537,2.918532
142,1700738920086,5.133168,-2.9975405,4.855441
143,1700738920105,8.497022,-3.1555579,5.0254292
144,1700738920126,10.606314,-3.2752678,4.156334
145,1700738920161,9.119514,-3.3183637,4.8123455
146,1700738920165,7.204153,-4.8722005,6.315904
147,1700738920185,7.302315,-6.955156,5.583278
148,1700738920206,5.877765,-9.466674,4.43885
149,1700738920226,2.920926,-14.657303,3.5410242
150,1700738920245,0.23223756,-22.548592,1.1061212
151,1700738920268,-5.0278234,-29.376854,-1.6208745
152,1700738920287,-17.50401,-38.10372,-2.5019407
153,1700738920305,-28.419174,-44.5537,-0.36870706
154,1700738920328,-32.84366,-55.57421,2.291251
155,1700738920346,-37.19871,-46.42836,-2.195483
156,1700738920368,-36.693535,-36.557064,-4.331111
157,1700738920385,-34.478897,-26.99223,-3.6774938
158,1700738920407,-29.865273,-18.679562,-4.793192
159,1700738920427,-24.629152,-10.340557,-7.321469
160,1700738920447,-18.631678,-0.6655881,-11.056423
161,1700738920465,-14.597447,2.896984,-10.996569
162,1700738920487,-15.047558,6.679823,-10.788273
163,1700738920506,-13.663709,13.275848,-11.159374
164,1700738920530,-12.725182,18.071434,-10.251971
165,1700738920545,-13.833697,21.11207,-10.948685
166,1700738920569,-16.972496,20.240582,-11.140221
167,1700738920587,-17.7554,17.022774,-10.5919485
168,1700738920607,-18.583794,10.627861,-10.070012
169,1700738920626,-21.365856,7.513005,-9.844957
170,1700738920646,-25.83583,1.2425907,-10.409989
171,1700738920666,-28.80464,-3.2393548,-10.556035
172,1700738920687,-35.508404,-5.4204726,-11.255142
173,1700738920705,-48.956635,-12.406754,-14.899117
174,1700738920727,-59.452816,-19.213469,-17.635689
175,1700738920746,-69.41509,-41.89853,-16.299725
176,1700738920768,-50.77623,-35.685577,-9.854534
177,1700738920787,-32.728737,-31.47657,-2.885013
178,1700738920807,-22.237345,-23.633165,-1.496376
179,1700738920827,-17.958906,-19.58457,-1.8698715
180,1700738920849,-10.376471,-18.02834,-1.3910311
181,1700738920867,-3.383007,-19.639637,-0.15801731
182,1700738920888,-0.51475334,-18.461689,0.94570965
183,1700738920908,1.3958195,-14.420277,0.93613285
184,1700738920929,4.735731,-11.166556,0.6392518
185,1700738920947,9.251195,-8.789114,2.1643584
186,1700738920968,11.836933,-8.568848,3.205836
187,1700738920987,14.944607,-8.374918,3.4955344
188,1700738921008,13.927072,-7.065289,1.5107412
189,1700738921029,12.737153,-7.5824366,1.2378023
190,1700738921049,10.833763,-8.0684595,2.054225
191,1700738921067,8.037335,-8.63828,2.1547816
192,1700738921088,7.515399,-8.978256,3.5242648
193,1700738921107,8.508993,-9.82341,5.2624555
194,1700738921130,7.1514807,-15.148114,0.7613561
195,1700738921148,1.3718776,-37.330395,-4.027047
196,1700738921168,-20.329166,-59.23255,-5.884948
197,1700738921189,-60.027424,-61.26523,3.7181952
198,1700738921209,-54.293312,-54.54231,-1.553837
199,1700738921228,-51.166485,-34.174835,-8.659827
200,1700738921247,-48.427517,-25.177425,-7.5704656
201,1700738921269,-42.176258,-13.994109,-8.523358
202,1700738921288,-33.82049,-6.789956,-9.624691
203,1700738921308,-25.969906,-1.7717092,-10.201694
204,1700738921329,-20.894197,0.36870706,-8.590396
205,1700738921347,-19.06024,2.7868507,-7.240066
206,1700738921369,-17.477673,5.398925,-6.6726403
207,1700738921387,-14.688427,11.640609,-5.755661
208,1700738921408,-15.976508,16.74744,-7.3765354
209,1700738921430,-14.396335,21.957224,-9.981427
210,1700738921448,-14.568717,22.067358,-9.258378
211,1700738921467,-18.143261,18.0858,-7.603985
212,1700738921489,-19.919758,12.413936,-8.111555
213,1700738921508,-23.305159,7.45315,-8.3629465
214,1700738921529,-28.574797,4.036624,-10.429143
215,1700738921548,-35.01999,0.30166942,-13.6972275
216,1700738921569,-44.967896,-6.691794,-23.460783
217,1700738921588,-58.866238,-16.323668,-26.096798
218,1700738921609,-70.45896,-27.84696,-18.543093
219,1700738921629,-68.45741,-42.16668,-13.220781
220,1700738921649,-50.86242,-37.37349,-11.935096
221,1700738921669,-34.699165,-28.491001,-5.81791
222,1700738921690,-22.304382,-24.183832,-1.0941502
223,1700738921708,-14.499286,-22.301989,-0.8355764
224,1700738921731,-5.923255,-23.329102,0.81642276
225,1700738921749,-1.5610195,-21.147984,1.3455414
226,1700738921771,-0.82121116,-19.76653,1.316811
227,1700738921788,1.283292,-17.367538,0.49559975
228,1700738921809,2.870648,-14.106636,0.035913024
229,1700738921830,5.803545,-10.6637745,0.095768064
230,1700738921849,10.232818,-8.947132,0.89303726
231,1700738921868,11.880029,-9.497798,1.0821792
232,1700738921890,10.66138,-9.074024,0.4405331
233,1700738921909,9.380483,-9.033323,0.35194764
234,1700738921930,7.7548194,-8.717288,0.6392518
235,1700738921948,5.0134583,-7.740454,0.41180268
236,1700738921970,2.753332,-7.6734166,-0.2753332
237,1700738921989,0.29209262,-9.574412,-1.8986019
238,1700738922009,-1.9871874,-16.235083,-3.550601
239,1700738922029,-7.620744,-24.538174,-4.546589
240,1700738922051,-38.869865,-25.637112,5.0158525
241,1700738922069,-49.51927,-47.558422,7.6949644
242,1700738922090,-54.738632,-42.72453,3.2273839
243,1700738922111,-57.070587,-24.528597,-12.77546
244,1700738922133,-51.738697,-17.140089,-10.7116585
245,1700738922149,-43.241676,-12.299014,-4.9583917
246,1700738922169,-38.82198,-9.562442,-1.9560628
247,1700738922190,-29.082369,-6.885724,-1.7142484
248,1700738922210,-22.500708,-3.904943,-7.3166804
249,1700738922233,-16.742653,-0.023942016,-10.230424
250,1700738922250,-14.17128,0.023942016,-10.110714
251,1700738922269,-13.661315,1.448492,-10.307038
252,1700738922291,-12.385205,9.241618,-11.250354
253,1700738922311,-12.86644,22.67788,-12.148179
254,1700738922331,-14.070724,24.679432,-13.8959465
255,1700738922349,-15.713146,25.366568,-13.893553
256,1700738922369,-17.633295,24.842237,-9.866506
257,1700738922389,-21.56218,12.98615,-8.259995
258,1700738922410,-27.478252,6.8186865,-9.287108
259,1700738922430,-32.395943,5.920861,-10.005369
260,1700738922450,-40.842686,-0.7230489,-14.365211
261,1700738922469,-51.01086,-8.966286,-17.896658
262,1700738922490,-62.27558,-15.382746,-13.524845
263,1700738922509,-76.530655,-37.90979,-9.986216
264,1700738922531,-59.845467,-46.167393,-0.6775591
265,1700738922557,-38.915356,-30.049625,-3.3039982
266,1700738922569,-29.934704,-20.992361,-0.7613561
267,1700738922589,-22.385786,-12.5025215,-0.33997664
268,1700738922612,-17.324444,-15.921441,0.59376204
269,1700738922630,-10.113108,-18.794483,1.5969325
270,1700738922650,-3.9073372,-17.647661,0.6799533
271,1700738922672,-0.63206923,-13.268666,-0.10534488
272,1700738922691,1.2952632,-10.515334,0.107739076
273,1700738922712,3.2585084,-8.669404,1.0199299
274,1700738922731,6.081272,-7.3166804,2.597709
275,1700738922750,8.796297,-6.131551,1.1468226
276,1700738922774,10.283096,-5.959168,-1.1252748
277,1700738922790,10.788273,-7.560889,-1.7022774
278,1700738922811,9.993398,-9.77792,0.89303726
279,1700738922831,9.126697,-11.216835,1.0582372
280,1700738922853,7.668628,-12.86644,-0.093373865
281,1700738922873,4.697424,-17.01559,-1.5969325
282,1700738922891,-0.29927522,-21.088129,-4.381389
283,1700738922911,-6.591237,-29.283482,-3.2513258
284,1700738922932,-27.286716,-39.944862,-1.2042835
285,1700738922951,-42.750866,-47.14662,-1.448492
286,1700738922972,-51.774612,-55.97883,0.038307227
287,1700738922990,-58.296417,-44.295124,-3.2704794
288,1700738923010,-56.53668,-26.532543,-4.855441
289,1700738923032,-47.14662,-20.305225,-3.904943
290,1700738923051,-38.312016,-13.929465,-4.745308
291,1700738923072,-28.634653,-5.185841,-8.14268
292,1700738923091,-20.7697,1.970428,-10.117896
293,1700738923112,-17.029957,3.2609026,-8.145074
294,1700738923132,-14.614207,2.6647465,-7.043741
295,1700738923152,-11.822568,7.7907324,-7.237672
296,1700738923173,-11.413159,16.685192,-6.8306575
297,1700738923190,-12.119449,20.298042,-7.2831616
298,1700738923212,-11.702858,20.36029,-7.1873937
299,1700738923232,-13.869611,20.147207,-7.041347
300,1700738923255,-15.184027,14.070724,-7.9702973
301,1700738923275,-17.934965,8.236053,-7.2544312
302,1700738923295,-21.677103,6.315904,-6.979098
303,1700738923311,-26.24524,4.6136265,-7.845799
304,1700738923331,-33.45897,1.5275006,-11.207258
305,1700738923351,-38.130054,0.5506664,-15.456966
306,1700738923374,-51.281406,-8.554482,-17.630901
307,1700738923392,-63.76956,-24.51902,-17.568651
308,1700738923414,-64.28671,-41.58489,-7.575254
309,1700738923432,-46.390053,-44.47469,-8.137892
310,1700738923451,-29.673737,-29.75035,-4.27365
311,1700738923473,-21.009119,-22.4217,-3.3446999
312,1700738923493,-12.260707,-20.053833,-0.9624691
313,1700738923511,-2.1643584,-20.463242,1.3263878
314,1700738923534,3.2273839,-15.172056,1.3958195
315,1700738923552,3.6272156,-11.777079,1.0342951
316,1700738923573,4.2521024,-9.519346,0.6775591
317,1700738923591,6.279991,-9.404425,0.0
318,1700738923612,8.523358,-8.257602,-0.5506664
319,1700738923632,11.238382,-8.623915,-0.6440403
320,1700738923652,11.7148285,-10.206482,0.4405331
321,1700738923673,10.596737,-10.996569,0.095768064
322,1700738923691,8.813056,-11.118672,-1.2090719
323,1700738923712,7.943961,-10.649409,-2.6886885
324,1700738923733,7.180211,-10.879252,-1.7262194
325,1700738923751,6.2105594,-13.117831,-2.0470424
326,1700738923772,2.3989902,-16.28536,-4.3766007
327,1700738923792,-2.15957,-22.297201,-6.6247563
328,1700738923812,-8.082825,-37.251385,-6.481104
329,1700738923832,-23.566128,-51.286194,-10.065224
330,1700738923852,-52.14332,-63.331425,-4.829105
331,1700738923872,-48.83932,-54.24782,-8.892065
332,1700738923893,-47.706863,-37.60812,-9.258378
333,1700738923911,-42.585667,-25.82386,-5.90889
334,1700738923934,-35.326447,-18.253393,-5.8466406
335,1700738923953,-26.60437,-7.2951326,-8.669404
336,1700738923973,-19.354727,-0.39025488,-11.255142
337,1700738923993,-14.013263,2.9041667,-11.030087
338,1700738924014,-11.506534,2.5833437,-9.016563
339,1700738924033,-8.884883,2.8802247,-7.48188
340,1700738924053,-6.4284315,4.7405195,-7.189788
341,1700738924073,-6.6654577,6.9360023,-8.207323
342,1700738924093,-7.9367785,9.9790325,-9.325416
343,1700738924113,-7.920019,11.27669,-10.390836
344,1700738924134,-8.300697,11.585542,-9.734824
345,1700738924153,-10.618284,10.702082,-9.737218
346,1700738924174,-14.341269,9.799467,-9.842564
347,1700738924194,-16.938976,7.3406224,-9.114726
348,1700738924215,-21.734564,5.935226,-8.980651
349,1700738924234,-26.884491,3.8594532,-9.55047
350,1700738924253,-32.015266,1.2425907,-9.909601
351,1700738924274,-39.456444,-2.956839,-16.529568
352,1700738924293,-53.069874,-10.805033,-13.278243
353,1700738924314,-65.06243,-20.568586,-8.11395
354,1700738924335,-76.73656,-35.201946,-12.840104
355,1700738924353,-54.700325,-42.090065,-5.023035
356,1700738924374,-32.671276,-28.931534,-1.9393034
357,1700738924394,-22.275652,-21.253328,-0.6871359
358,1700738924414,-13.733141,-22.859838,1.5442601
359,1700738924434,-5.9400144,-23.161507,2.6839
360,1700738924454,-2.552219,-18.033127,0.11252748
361,1700738924474,-0.62728083,-14.475344,-2.585738
362,1700738924495,3.4332852,-11.992557,-1.7381904
363,1700738924513,6.351817,-10.144233,0.58657944
364,1700738924535,8.154651,-9.011775,0.25617957
365,1700738924554,12.373235,-7.1107793,-1.5227122
366,1700738924573,13.041217,-6.5337763,-2.6408045
367,1700738924593,10.759542,-7.005434,-1.7357962
368,1700738924613,8.50181,-6.751649,-0.35194764
369,1700738924634,6.9479733,-7.551312,0.11252748
370,1700738924654,7.345411,-8.303091,1.2569559
371,1700738924673,5.681441,-8.322245,0.39743748
372,1700738924695,-0.15562311,-13.101071,-0.25378537
373,1700738924713,-5.473145,-22.258894,-0.39025488
374,1700738924734,-12.260707,-36.77015,-3.0262709
375,1700738924753,-56.61569,-40.770863,2.2146366
376,1700738924774,-40.191463,-46.339775,0.22744916
377,1700738924794,-52.588642,-33.67684,-8.50181
378,1700738924814,-55.899822,-27.964275,-9.639056
379,1700738924835,-55.777718,-25.115175,-7.776367
380,1700738924856,-46.437935,-19.481619,-9.64145
381,1700738924876,-35.69994,-11.353305,-12.282255
382,1700738924897,-27.605146,-3.371036,-14.911088
383,1700738924914,-19.725828,-0.5291186,-13.261483
384,1700738924937,-17.176003,-0.16519992,-11.824963
385,1700738924955,-14.834474,2.6647465,-8.995016
386,1700738924975,-13.48175,6.9264255,-8.374918
387,1700738924994,-12.404359,11.678916,-8.1881695
388,1700738925015,-12.428301,15.516821,-7.93199
389,1700738925036,-11.877635,20.88941,-8.698134
390,1700738925056,-11.030087,21.363462,-8.839393
391,1700738925079,-12.440272,17.408241,-7.750031
392,1700738925095,-14.966155,12.722788,-8.295909
393,1700738925115,-17.99482,8.283937,-8.396465
394,1700738925136,-22.278048,4.3119574,-8.063671
395,1700738925155,-26.642677,2.1930888,-8.6334915
396,1700738925176,-34.174835,1.2425907,-11.60709
397,1700738925195,-44.326252,-4.3239284,-17.448942
398,1700738925216,-55.600548,-14.5328045,-18.966866
399,1700738925235,-64.705696,-20.412964,-15.737088
400,1700738925257,-63.87491,-26.57564,-11.700463
401,1700738925275,-50.21599,-28.019342,-9.085996
402,1700738925295,-29.343336,-24.483107,-7.005434
403,1700738925314,-23.058558,-20.55901,-7.4004774
404,1700738925337,-18.813637,-20.62126,-4.5992613
405,1700738925355,-12.904747,-19.67555,-1.7286136
406,1700738925376,-5.707777,-20.065804,-1.2282255
407,1700738925395,-2.006341,-16.036364,-1.5897499
408,1700738925416,0.51954174,-12.08593,-2.5761611
409,1700738925436,4.177882,-10.079589,-1.2569559
410,1700738925455,8.966286,-9.7084875,-0.9504981
411,1700738925478,10.900801,-10.187328,-2.3463178
412,1700738925497,8.748413,-8.643068,-2.8778305
413,1700738925516,7.0126166,-9.040505,-2.1092918
414,1700738925536,6.493075,-8.858546,-1.1252748
415,1700738925556,5.6790466,-10.120291,-1.1468226
416,1700738925575,4.7141833,-11.674128,-0.8283938
417,1700738925595,3.0334535,-12.059594,-1.4341269
418,1700738925616,0.9983821,-13.63019,-2.72939
419,1700738925637,-1.5873557,-17.197552,-4.673482
420,1700738925656,-6.9383965,-27.839777,-4.642357
421,1700738925675,-19.685127,-44.328644,-8.032547
422,1700738925697,-54.779335,-59.974754,-6.6989765
423,1700738925716,-43.777977,-59.6659,-8.271967
424,1700738925737,-50.75229,-48.01811,-12.425907
425,1700738925755,-51.69321,-33.743877,-13.48175
426,1700738925778,-45.609543,-24.277205,-10.54167
427,1700738925796,-35.616146,-15.308526,-10.972627
428,1700738925817,-26.618734,-5.710171,-12.6222315
429,1700738925836,-19.730616,1.1228806,-13.515268
430,1700738925857,-14.944607,1.7070658,-11.451467
431,1700738925875,-12.794614,2.8299465,-9.76116
432,1700738925897,-10.340557,5.8442464,-8.604761
433,1700738925916,-9.224859,9.306262,-7.764396
434,1700738925938,-9.325416,13.28782,-8.269572
435,1700738925956,-10.019734,16.04594,-9.100361
436,1700738925977,-10.807426,17.111359,-8.896853
437,1700738925996,-12.806585,14.808138,-8.228871
438,1700738926018,-15.267824,10.328587,-7.189788
439,1700738926037,-17.360357,6.8067155,-6.0142345
440,1700738926057,-19.936518,4.2880154,-6.7205243
441,1700738926077,-22.94603,4.3837833,-8.046912
442,1700738926097,-30.351295,1.7932571,-11.741165
443,1700738926116,-33.37517,-1.2114661,-15.444995
444,1700738926138,-39.975986,-7.8050976,-17.530344
445,1700738926156,-53.033962,-17.223886,-14.231135
446,1700738926178,-63.321846,-21.84709,-11.255142
447,1700738926196,-65.902794,-32.26905,-11.563994
448,1700738926218,-38.71903,-28.914774,-7.101202
449,1700738926237,-20.920534,-22.31396,-2.5809495
450,1700738926258,-18.04031,-18.332403,-0.6344634
451,1700738926277,-14.02284,-16.575058,-0.38067806
452,1700738926299,-6.8282633,-14.623784,-0.7661445
453,1700738926316,-2.9783869,-14.073117,-0.7062895
454,1700738926339,-0.89782566,-11.494562,-1.5586253
455,1700738926358,2.645593,-9.483433,-1.8411411
456,1700738926377,6.847417,-8.956709,-0.11731588
457,1700738926397,10.31901,-9.138668,0.6368576
458,1700738926417,11.592725,-8.355764,-1.4508862
459,1700738926436,10.55843,-8.707711,-1.1348516
460,1700738926457,8.552089,-9.581595,0.4357447
461,1700738926477,6.8689647,-10.529699,1.2282255
462,1700738926498,6.3470287,-11.822568,0.9911995
463,1700738926516,5.2983685,-12.459426,0.80684596
464,1700738926538,2.3439236,-13.929465,0.7589619
465,1700738926559,-1.1228806,-19.2829,-2.1092918
466,1700738926578,-6.6271505,-30.20046,-4.1539397
467,1700738926597,-21.957224,-44.738052,-6.421249
468,1700738926618,-42.789173,-61.035385,-1.3455414
469,1700738926637,-47.658978,-58.880604,-4.414908
470,1700738926657,-52.227116,-43.6439,-9.998186
471,1700738926676,-51.082687,-31.37362,-10.9822035
472,1700738926697,-41.03422,-18.425776,-11.702858
473,1700738926717,-31.684866,-6.9527617,-13.017275
474,1700738926739,-22.92927,-0.7326257,-12.555194
475,1700738926757,-18.988413,1.316811,-11.032481
476,1700738926779,-16.7235,2.5905263,-9.210494
477,1700738926797,-13.098678,6.1243677,-7.836222
478,1700738926818,-11.599907,10.108319,-6.5960255
479,1700738926838,-10.682928,14.549563,-6.4499793
480,1700738926858,-9.445126,18.332403,-6.789956
481,1700738926877,-9.471462,18.52394,-7.0221934
482,1700738926897,-10.493786,18.059464,-6.631939
483,1700738926918,-12.969391,14.00608,-5.853823
484,1700738926939,-14.887146,9.911995,-5.74369
485,1700738926959,-16.033968,7.1993647,-5.6335564
486,1700738926978,-18.741812,5.4659624,-7.153875
487,1700738926999,-23.319525,2.9712043,-8.664616
488,1700738927019,-28.203695,1.2880806,-8.738836
489,1700738927039,-38.101326,-3.9863458,-14.472949
490,1700738927058,-48.408363,-10.733206,-16.203957
491,1700738927078,-61.827866,-19.895817,-13.711593
492,1700738927099,-71.11976,-31.423897,-12.835316
493,1700738927118,-50.792988,-37.035908,-3.7301662
494,1700738927139,-29.417557,-27.523743,-1.6065093
495,1700738927158,-21.729774,-18.938135,-1.2210429
496,1700738927180,-18.004396,-15.619772,-0.18195933
497,1700738927200,-11.829751,-15.86398,0.39983168
498,1700738927221,-5.995081,-16.649279,-0.11731588
499,1700738927238,-2.597709,-15.0715,-0.25617957
500,1700738927260,0.90740246,-12.480973,-0.009576807
501,1700738927280,5.171476,-11.197681,1.2952632
502,1700738927299,7.7452426,-10.376471,0.9768343
503,1700738927319,13.357251,-8.583213,-0.39264908
504,1700738927339,16.026787,-8.157045,-1.8866309
505,1700738927360,12.073959,-8.619126,-1.2018893
506,1700738927379,7.893683,-8.137892,0.4261679
507,1700738927399,6.9383965,-8.111555,0.8762778
508,1700738927419,5.1379566,-10.656591,-0.7015011
509,1700738927439,3.1651347,-14.633361,-2.4708161
510,1700738927460,-0.51475334,-19.266142,-3.9959226
511,1700738927480,-6.6415157,-24.559721,-3.3806129
512,1700738927499,-15.964537,-37.555447,-5.267244
513,1700738927520,-44.905647,-54.741028,-5.8442464
514,1700738927541,-45.700523,-56.033897,-6.4020953
515,1700738927560,-46.603138,-40.921696,-9.722853
516,1700738927580,-44.055706,-28.31383,-8.219295
517,1700738927598,-35.707123,-19.184738,-6.4547677
518,1700738927619,-28.270733,-9.68694,-8.046912
519,1700738927641,-21.097706,-1.7717092,-9.720459
520,1700738927661,-16.670826,1.8148049,-8.990228
521,1700738927680,-15.605407,2.6503813,-7.405266
522,1700738927699,-14.750677,4.225766,-7.017405
523,1700738927719,-13.941437,8.932767,-6.093243
524,1700738927741,-13.117831,15.981297,-5.1259856
525,1700738927759,-12.188881,20.999542,-4.4005427
526,1700738927779,-13.728353,22.821531,-6.2249246
527,1700738927799,-15.722723,18.748993,-7.1610575
528,1700738927820,-16.757017,12.907142,-7.0581064
529,1700738927840,-18.7873,8.180987,-6.667852
530,1700738927860,-23.106441,4.259285,-7.249643
531,1700738927879,-26.58282,1.7501614,-7.381324
532,1700738927900,-34.395103,-0.49320555,-13.366828
533,1700738927918,-41.438843,-5.997475,-17.135302
534,1700738927941,-52.619766,-14.53041,-14.176068
535,1700738927959,-62.424023,-20.67872,-12.703634
536,1700738927980,-68.63697,-38.711845,-13.740324
537,1700738927999,-43.42124,-32.76944,-6.555324
538,1700738928021,-25.957935,-28.493395,-1.6136919
539,1700738928041,-19.230228,-22.510284,-1.2330139
540,1700738928062,-14.068329,-19.634848,-0.581791
541,1700738928080,-10.247183,-18.131289,-0.45729253
542,1700738928101,-3.572149,-17.776947,0.90740246
543,1700738928121,-0.7757214,-13.807362,1.6232687
544,1700738928142,2.0231004,-10.532093,-0.20590134
545,1700738928161,7.2927384,-8.180987,-0.91697925
546,1700738928180,13.036428,-7.386112,-0.33279404
547,1700738928201,14.970943,-8.822633,0.39983168
548,1700738928221,12.126632,-8.899248,0.08140286
549,1700738928241,10.6398325,-9.198523,-0.35913026
550,1700738928261,8.870518,-9.157822,1.1468226
551,1700738928281,6.483498,-10.498574,0.62249243
552,1700738928300,4.7788267,-11.48738,-1.2761095
553,1700738928320,2.3511062,-14.836868,-2.3319526
554,1700738928344,-0.32321724,-20.11369,-4.343082
555,1700738928361,-4.584896,-38.115692,-4.8961425
556,1700738928383,-26.216509,-50.524837,-8.248025
557,1700738928400,-36.04471,-52.231903,-6.078878
558,1700738928421,-39.092525,-50.45301,-7.4842744
559,1700738928441,-43.313503,-42.626366,-7.050924
560,1700738928461,-41.92247,-30.494947,-6.232107
561,1700738928480,-39.24815,-23.894133,-6.0405707
562,1700738928503,-30.882807,-12.629414,-6.5122285
563,1700738928522,-22.37621,-2.858677,-7.539341
564,1700738928544,-16.414646,2.96881,-8.121132
565,1700738928564,-13.505692,4.086902,-6.6079965
566,1700738928582,-11.089942,5.374983,-5.104438
567,1700738928600,-8.719683,7.4028716,-3.9935284
568,1700738928622,-8.224083,9.909601,-3.3973722
569,1700738928641,-8.485051,12.059594,-3.8235402
570,1700738928663,-8.214506,13.096283,-5.130774
571,1700738928682,-8.690952,12.2080345,-5.865794
572,1700738928702,-9.957485,10.335769,-5.130774
573,1700738928723,-11.6430025,7.752425,-4.841076
574,1700738928742,-13.986926,5.911284,-4.9823337
575,1700738928760,-16.062698,4.3526587,-5.5521536
576,1700738928781,-18.449718,2.542642,-5.5401826
577,1700738928800,-23.752874,1.8124107,-6.9288197
578,1700738928821,-30.983364,-1.3838485,-14.903906
579,1700738928841,-37.42137,-7.6351094,-17.312473
580,1700738928862,-50.876785,-18.722658,-12.6461735
581,1700738928881,-59.524643,-29.221231,-16.326061
582,1700738928901,-59.957993,-56.938904,-8.494628
583,1700738928922,-36.458904,-46.10275,-8.293514
584,1700738928943,-21.90934,-32.77183,-0.9504981
585,1700738928962,-14.472949,-23.39614,2.767697
586,1700738928982,-7.788338,-19.656397,4.247314
587,1700738929001,-1.7022774,-14.793773,3.940856
588,1700738929022,0.60812724,-10.611102,2.6982653
589,1700738929043,4.4675803,-7.7213006,0.20590134
590,1700738929062,9.150639,-6.241684,-1.7597382
591,1700738929082,11.901577,-6.6175733,-2.1763294
592,1700738929102,13.079524,-5.0302176,-2.4851813
593,1700738929122,12.373235,-4.0797195,-4.414908
594,1700738929142,10.78109,-3.4356794,-4.5298295
595,1700738929163,8.623915,-3.6463692,-1.8004397
596,1700738929184,5.619191,-4.721366,-0.8858546
597,1700738929205,4.7141833,-6.591237,-2.3247697
598,1700738929223,2.9783869,-11.504139,-2.7844565
599,1700738929243,0.7374141,-16.905458,-2.8898015
600,1700738929262,-2.2744915,-27.104757,-4.024653
601,1700738929282,-4.8458643,-34.917038,-5.595249
602,1700738929302,-17.525557,-48.156975,-8.918402
603,1700738929321,-42.16668,-58.107277,-5.48751
604,1700738929344,-29.410374,-50.967766,-6.88333
605,1700738929362,-36.099773,-44.395683,-6.1746464
606,1700738929383,-35.93218,-33.928234,-5.4420204
607,1700738929401,-32.486923,-23.827095,-7.759608
608,1700738929422,-24.930822,-11.523293,-9.346964
609,1700738929444,-18.112135,-1.3263878,-9.425972
610,1700738929463,-14.4849205,3.5458126,-8.439561
611,1700738929482,-12.708423,4.4220905,-7.1251445
612,1700738929503,-11.638214,5.853823,-6.0477533
613,1700738929524,-11.087548,8.224083,-4.709395
614,1700738929543,-11.125855,10.795456,-3.632004
615,1700738929563,-11.494562,13.534422,-4.2305546
616,1700738929583,-11.815386,16.163256,-5.8322754
617,1700738929602,-12.94066,15.773001,-5.3247046
618,1700738929623,-14.743494,11.425131,-5.207389
619,1700738929643,-17.401058,8.588001,-6.1650696
620,1700738929664,-19.08897,7.843405,-6.6510925
621,1700738929683,-24.29157,5.023035,-9.91439
622,1700738929704,-29.8126,3.775656,-11.786655
623,1700738929724,-37.981617,-0.38307226,-17.999609
624,1700738929744,-46.84016,-7.615956,-21.940464
625,1700738929762,-59.63717,-17.753006,-19.563023
626,1700738929783,-76.042244,-31.502907,-28.242002
627,1700738929803,-60.290787,-57.26691,-12.366052
628,1700738929823,-31.352072,-38.66875,-3.3877954
629,1700738929843,-20.298042,-26.226086,-0.9888053
630,1700738929863,-14.652514,-20.757729,0.4381389
631,1700738929882,-6.2728086,-18.92377,0.5602432
632,1700738929902,-0.9768343,-16.345215,0.30885202
633,1700738929922,-0.11731588,-13.263878,1.352724
634,1700738929943,1.553837,-10.163386,0.51714754
635,1700738929963,4.450821,-8.956709,-0.61770403
636,1700738929983,7.050924,-7.2328835,-1.42455
637,1700738930004,9.43076,-7.098808,-0.7374141
638,1700738930024,9.959879,-7.089231,-0.37588966
639,1700738930045,9.495404,-6.88333,-0.23463176
640,1700738930063,8.121132,-6.1866174,-0.20829555
641,1700738930083,8.702923,-5.4539914,-0.29927522
642,1700738930104,8.202535,-4.462792,-0.36631286
643,1700738930125,7.989451,-4.1635165,0.7445967
644,1700738930146,6.8881183,-5.1259856,1.292869
645,1700738930163,4.88896,-9.581595,-1.4796166
646,1700738930183,0.7469909,-20.032286,-5.2504845
647,1700738930204,-5.7125654,-39.947254,-5.142745
648,1700738930224,-31.103075,-54.45133,-5.9878983
649,1700738930244,-36.310463,-57.96602,-2.7629087
650,1700738930264,-42.729317,-47.97262,-9.136273
651,1700738930283,-44.345406,-35.33602,-12.543222
652,1700738930305,-41.03422,-24.442406,-10.869676
653,1700738930324,-33.66008,-15.172056,-8.470686
654,1700738930345,-26.87252,-7.1873937,-9.718064
655,1700738930365,-20.317196,-1.8531121,-11.085154
656,1700738930385,-14.4107,1.2856863,-11.039664
657,1700738930405,-11.923124,1.9800048,-8.159439
658,1700738930424,-10.642226,4.4460325,-6.5744777
659,1700738930445,-10.433931,5.7867856,-5.827487
660,1700738930468,-10.87207,8.090008,-4.987122
661,1700738930485,-13.06037,10.551247,-5.2169657
662,1700738930504,-13.996503,14.046782,-6.4404025
663,1700738930524,-15.210363,15.401899,-6.8091097
664,1700738930545,-16.682798,10.967838,-5.1571107
665,1700738930564,-18.945318,7.2592196,-3.9983168
666,1700738930585,-21.114466,4.88896,-5.094861
667,1700738930605,-24.643518,2.15957,-4.709395
668,1700738930625,-29.027302,-3.2585084,-7.374141
669,1700738930645,-39.633614,-29.678524,-6.0238113
670,1700738930664,-42.015846,-59.122417,-1.5394717
671,1700738930684,-33.49249,-46.20091,3.6248214
672,1700738930704,-29.537266,-38.357506,11.614272
673,1700738930725,-22.436064,-34.340034,10.596737
674,1700738930745,-11.477803,-20.556616,4.3885717
675,1700738930764,-3.2680852,-16.888699,3.074155
676,1700738930784,1.0773908,-12.8927765,1.6376339
677,1700738930805,2.5139117,-7.1945763,0.08379706
678,1700738930825,3.6942532,-4.63278,-1.1420342
679,1700738930846,4.8745947,-4.0533834,-1.6567876
680,1700738930865,6.3470287,-3.1555579,-1.9680338
681,1700738930884,7.529764,-3.4476504,-1.9393034
682,1700738930904,9.14585,-2.3654714,-1.99437
683,1700738930923,10.081984,-1.3718776,-2.2290018
684,1700738930945,10.175357,-1.6160861,-1.9273324
685,1700738930963,10.254366,-2.89459,-1.0702082
686,1700738930984,9.902418,-4.5322237,0.06703765
687,1700738931005,9.7084875,-6.423643,0.878672
688,1700738931025,9.251195,-7.8984714,2.2625206
689,1700738931045,7.855376,-8.595184,1.6089035
690,1700738931064,5.638345,-8.520964,-0.23702596
691,1700738931084,2.7461493,-23.659502,0.58897364
692,1700738931105,-7.872135,-48.19049,0.9959879
693,1700738931126,-47.45547,-57.808,5.3582234
694,1700738931147,-31.72796,-46.679752,6.706159
695,1700738931166,-29.63064,-32.88436,2.7940333
696,1700738931186,-28.476635,-25.862167,0.6464345
697,1700738931206,-25.73288,-17.779343,-2.4468741
698,1700738931226,-22.850262,-13.199234,-4.0701427
699,1700738931245,-15.933413,-4.697424,-6.3685765
700,1700738931266,-10.943896,0.6895301,-7.335834
701,1700738931285,-9.011775,2.2577322,-7.5106106
702,1700738931305,-9.52174,2.255338,-7.029376
703,1700738931327,-9.0716305,4.733337,-6.835446
704,1700738931348,-9.67018,8.731653,-6.8450227
705,1700738931365,-10.307038,14.245501,-7.3885064
706,1700738931385,-10.240001,16.2686,-8.774749
707,1700738931405,-10.778696,13.184869,-7.7332716
708,1700738931426,-13.043611,9.993398,-6.5696893
709,1700738931446,-15.844827,7.893683,-5.9807158
710,1700738931466,-18.315643,5.1666875,-5.8107276
711,1700738931485,-22.18946,2.741361,-8.942344
712,1700738931504,-27.344177,-1.3431472,-12.459426
713,1700738931524,-38.005558,-7.953538,-11.542446
714,1700738931546,-49.679684,-15.035586,-14.05157
715,1700738931565,-63.793503,-47.51772,-10.970232
716,1700738931587,-40.533836,-44.287945,-7.599196
717,1700738931606,-23.566128,-32.565933,0.22026655
718,1700738931626,-18.404228,-27.969065,0.93373865
719,1700738931646,-11.166556,-21.899763,2.870648
720,1700738931665,-5.518635,-19.503166,2.9352913
721,1700738931687,-1.6807296,-16.819267,2.7126305
722,1700738931706,-0.6847417,-12.679692,2.6599581
723,1700738931726,0.2633622,-8.798691,1.6208745
724,1700738931748,2.0254946,-5.9304376,0.48602295
725,1700738931766,4.745308,-4.721366,0.91219085
726,1700738931786,6.435614,-3.8307228,1.5562311
727,1700738931806,7.680599,-2.834735,1.3024458
728,1700738931828,8.9040365,-2.3391352,1.4221559
729,1700738931846,9.196129,-2.5785553,2.5187001
730,1700738931866,8.451532,-3.9911342,2.5474305
731,1700738931887,7.479486,-4.8722005,2.765303
732,1700738931908,6.3805475,-6.483498,2.7700913
733,1700738931926,4.2185836,-8.470686,2.030283
734,1700738931947,1.1659763,-14.578294,-0.40940848
735,1700738931966,-2.3558946,-30.339323,-1.6807296
736,1700738931987,-13.139379,-48.69088,-1.1348516
737,1700738932006,-31.560368,-57.67632,3.6703112
738,1700738932026,-29.343336,-61.241283,4.132392
739,1700738932048,-32.072727,-47.02691,-0.93852705
740,1700738932068,-31.665712,-33.01604,-4.685453
741,1700738932086,-31.103075,-26.549303,-3.8666358
742,1700738932107,-27.059267,-19.998766,-6.4667387
743,1700738932127,-21.107283,-11.336545,-10.649409
744,1700738932147,-16.275784,-2.8754363,-12.825739
745,1700738932166,-15.440207,0.4189853,-11.461043
746,1700738932187,-16.144102,0.9624691,-9.969456
747,1700738932206,-15.411476,4.6830587,-9.828198
748,1700738932228,-14.554352,10.208876,-9.715671
749,1700738932247,-14.975732,16.950949,-10.000581
750,1700738932268,-14.719552,21.35628,-10.000581
751,1700738932286,-13.876793,18.86152,-7.3430166
752,1700738932309,-16.230293,13.486538,-6.955156
753,1700738932329,-20.032286,9.313444,-7.1371155
754,1700738932349,-25.73288,4.175488,-9.174581
755,1700738932368,-31.45981,-0.9840169,-13.189657
756,1700738932390,-42.111614,-7.429208,-12.064383
757,1700738932408,-48.824955,-10.42196,-11.054029
758,1700738932429,-60.97553,-13.048399,-15.210363
759,1700738932449,-77.13879,-31.148563,-24.128765
760,1700738932468,-62.3498,-58.569355,-7.536947
761,1700738932488,-33.456573,-41.97993,0.6655881
762,1700738932508,-21.246145,-27.581203,0.45489833
763,1700738932528,-13.187263,-20.123266,1.9057846
764,1700738932550,-4.4220905,-17.262194,1.1324574
765,1700738932568,-0.25378537,-14.089877,0.80205756
766,1700738932588,1.1061212,-10.292673,0.37349546
767,1700738932608,3.41892,-8.619126,-0.23942018
768,1700738932628,6.4164605,-9.890448,-0.39504328
769,1700738932648,7.055712,-9.354146,-0.35913026
770,1700738932668,7.431602,-7.73806,-0.06464344
771,1700738932687,8.963891,-5.947197,-0.23702596
772,1700738932708,9.172187,-5.887342,-0.5650316
773,1700738932729,8.013393,-5.659893,-0.93852705
774,1700738932750,7.311892,-5.305551,-0.80445176
775,1700738932767,6.6271505,-4.7046065,-0.5386954
776,1700738932788,6.373365,-4.31914,-0.1340753
777,1700738932807,5.2002063,-5.57849,-0.088585466
778,1700738932827,3.7062242,-7.383718,-1.1755531
779,1700738932847,2.566584,-10.986992,-2.8491
780,1700738932868,-1.1204864,-33.092655,-6.4787097
781,1700738932886,-21.940464,-42.231323,-4.6950297
782,1700738932907,-43.469128,-55.18156,6.3111157
783,1700738932926,-59.74012,-49.87122,-0.20350714
784,1700738932949,-51.41548,-24.818295,-8.9998045
785,1700738932967,-39.786842,-15.296555,-6.3685765
786,1700738932988,-33.71036,-10.594342,-3.2321723
787,1700738933007,-27.691338,-5.631162,-6.567295
788,1700738933030,-22.20622,-0.7565677,-10.398018
789,1700738933047,-17.130512,1.388637,-10.223241
790,1700738933068,-14.750677,5.159505,-9.31105
791,1700738933088,-13.979744,12.083536,-8.3150625
792,1700738933108,-14.207192,18.217482,-7.836222
793,1700738933127,-14.33648,20.772095,-8.106767
794,1700738933149,-14.269443,24.504654,-6.7947445
795,1700738933168,-14.714764,22.366632,-5.9639564
796,1700738933188,-15.090653,18.200722,-6.2129536
797,1700738933208,-16.01242,12.069171,-6.517017
798,1700738933229,-18.401834,7.228095,-6.825869
799,1700738933250,-23.022644,4.036624,-8.09719
800,1700738933270,-29.563602,-0.21308395,-11.887212
801,1700738933289,-36.27934,-5.1786585,-12.65575
802,1700738933308,-48.044445,-13.579912,-7.599196
803,1700738933329,-56.38345,-17.832014,-6.3685765
804,1700738933350,-60.226143,-22.9173,-8.573636
805,1700738933368,-41.086895,-21.62922,-1.6089035
806,1700738933389,-25.708939,-13.057976,-1.6663644
807,1700738933408,-18.938135,-6.8689647,-1.283292
808,1700738933430,-17.118542,-13.007698,-0.8714894
809,1700738933449,-14.274231,-15.397111,-0.29688102
810,1700738933471,-8.470686,-15.033193,-1.1779473
811,1700738933488,-4.3119574,-12.990938,-1.5777789
812,1700738933510,-2.2936451,-10.371682,-0.16759412
813,1700738933529,0.11731588,-8.444349,0.02633622
814,1700738933551,2.8107927,-6.991069,0.23702596
815,1700738933570,4.3742065,-6.2345014,0.37349546
816,1700738933589,6.6654577,-5.544971,0.38307226
817,1700738933607,6.825869,-5.363012,0.58657944
818,1700738933629,6.5122285,-6.1387334,0.2801216
819,1700738933650,6.325481,-7.668628,0.9696517
820,1700738933671,6.1195793,-8.820239,1.2785037
821,1700738933689,6.4404025,-9.01417,1.7190368
822,1700738933709,5.681441,-10.323798,0.62488663
823,1700738933728,3.064578,-14.95179,-1.496376
824,1700738933749,-0.50517654,-18.303673,-3.8714242
825,1700738933768,-6.634333,-27.056873,-4.3861775
826,1700738933790,-22.697033,-35.103786,-3.4356794
827,1700738933810,-41.60165,-44.15387,0.7757214
828,1700738933833,-46.61511,-41.79079,0.39025488
829,1700738933850,-47.79066,-34.1485,-2.3391352
830,1700738933871,-50.85763,-27.176584,-3.3135753
831,1700738933889,-46.095566,-19.88145,-5.011064
832,1700738933909,-37.43095,-12.617443,-6.5601125
833,1700738933929,-29.494171,-5.4204726,-7.0126166
834,1700738933951,-24.710556,-1.2785037,-9.739613
835,1700738933968,-22.481554,0.48841715,-11.008539
836,1700738933989,-18.361134,2.4708161,-11.992557
837,1700738934012,-13.156138,4.9464207,-10.479421
838,1700738934029,-11.324574,10.357317,-7.503428
839,1700738934050,-12.349293,15.076288,-7.395689
840,1700738934071,-12.452243,20.508732,-10.101137
841,1700738934089,-11.77229,21.011515,-10.529699
842,1700738934109,-14.247894,16.242264,-9.519346
843,1700738934129,-17.389088,12.325351,-9.718064
844,1700738934151,-19.141644,10.512939,-9.138668
845,1700738934172,-20.231005,7.065289,-11.348516
846,1700738934190,-24.70098,5.2768207,-16.924612
847,1700738934209,-38.213852,-0.36152446,-24.892515
848,1700738934230,-46.66299,-11.860875,-25.215733
849,1700738934250,-63.19256,-19.677944,-19.70428
850,1700738934272,-74.725426,-22.37142,-15.919047
851,1700738934290,-59.268463,-21.38022,-9.65821
852,1700738934312,-33.877953,-17.695545,5.932832
853,1700738934329,-18.868704,-13.050794,2.4708161
854,1700738934351,-17.159243,-19.189528,0.1316811
855,1700738934371,-17.001226,-17.180792,0.48123455
856,1700738934390,-12.076353,-11.805809,-0.33758244
857,1700738934410,-6.588843,-12.804191,1.3670892
858,1700738934433,-4.039018,-11.791444,3.8666358
859,1700738934449,-0.50517654,-12.117055,3.560178
860,1700738934472,2.5785553,-11.947066,3.5362358
861,1700738934491,4.865018,-10.78109,4.3047748
862,1700738934510,6.351817,-10.086772,4.5753193
863,1700738934531,7.225701,-11.573571,5.571307
864,1700738934553,7.357382,-12.394782,5.4563856
865,1700738934571,5.4444146,-11.997345,2.6647465
866,1700738934591,4.7979803,-12.246342,1.5179238
867,1700738934610,3.3423057,-13.867216,4.8841715
868,1700738934634,2.0446482,-15.286978,1.7286136
869,1700738934650,0.93613285,-16.24466,-2.6982653
870,1700738934671,-2.789245,-21.531055,-4.7022123
871,1700738934691,-12.10269,-33.70318,-2.7485435
872,1700738934710,-37.136463,-45.78911,-2.4588451
873,1700738934730,-43.160275,-52.09304,-5.2840033
874,1700738934751,-51.729122,-52.686802,-8.341399
875,1700738934771,-56.527103,-45.451527,-13.259089
876,1700738934791,-53.424217,-34.10301,-13.213599
877,1700738934810,-50.10346,-27.997795,-10.19451
878,1700738934834,-40.294415,-18.777723,-10.177752
879,1700738934851,-30.571562,-9.837775,-11.935096
880,1700738934871,-22.584505,-2.3391352,-12.018892
881,1700738934890,-17.21431,1.4053963,-10.54167
882,1700738934910,-16.515203,2.2744915,-8.930372
883,1700738934930,-14.458584,5.0421886,-8.3821
884,1700738934952,-13.177686,9.883265,-7.599196
885,1700738934969,-14.511256,12.89517,-7.053318
886,1700738934990,-13.96059,16.97968,-7.374141
887,1700738935010,-12.727576,17.547104,-7.347805
888,1700738935032,-12.615048,13.493721,-6.2847795
889,1700738935050,-13.970167,10.0269165,-6.042965
890,1700738935071,-16.694769,7.477092,-6.6056023
891,1700738935091,-20.128054,5.109226,-6.7348895
892,1700738935112,-23.415293,1.6879122,-6.8689647
893,1700738935133,-29.508535,0.16280572,-6.5960255
894,1700738935153,-34.435802,-1.5921441,-11.671733
895,1700738935172,-44.45075,-6.007052,-19.689915
896,1700738935191,-54.32204,-13.6493435,-17.391481
897,1700738935211,-71.50044,-29.27151,-11.085154
898,1700738935233,-67.99054,-38.24737,-3.7660792
899,1700738935253,-51.1593,-35.525166,-2.9233203
900,1700738935273,-30.198067,-28.33059,1.0821792
901,1700738935292,-20.623653,-18.909405,-0.48602295
902,1700738935313,-16.675615,-16.069881,0.7661445
903,1700738935334,-8.305486,-16.551117,0.21068975
904,1700738935355,-2.5953147,-19.22544,1.8195933
905,1700738935372,0.24660277,-14.987702,1.3958195
906,1700738935394,5.0374002,-10.879252,-0.5674258
907,1700738935414,9.720459,-8.228871,-1.5131354
908,1700738935433,13.098678,-7.228095,-2.1667526
909,1700738935453,11.32218,-7.9822683,-2.2146366
910,1700738935473,9.414001,-8.255207,-2.135628
911,1700738935494,9.358934,-9.660604,-2.4396915
912,1700738935512,7.836222,-8.7532015,-2.3798366
913,1700738935533,6.423643,-8.051701,-1.5035586
914,1700738935553,5.949591,-8.037335,-0.94092125
915,1700738935572,4.903325,-10.479421,0.7493851
916,1700738935593,3.7780502,-15.689203,0.23463176
917,1700738935612,0.58897364,-21.16235,-2.9041667
918,1700738935634,-5.614403,-36.03513,-4.7165775
919,1700738935652,-31.93865,-47.706863,-5.48751
920,1700738935674,-48.25753,-57.738567,3.040636
921,1700738935693,-50.613422,-51.247887,-1.7597382
922,1700738935713,-55.114525,-38.881836,-5.032612
923,1700738935734,-53.39788,-29.75035,-6.114791
924,1700738935754,-41.54419,-17.319654,-7.9008656
925,1700738935772,-29.592333,-6.8186865,-10.077195
926,1700738935794,-20.992361,-0.5602432,-9.902418
927,1700738935812,-17.058687,1.5586253,-8.3821
928,1700738935833,-16.132132,4.9224787,-8.7532015
929,1700738935852,-14.954184,10.754754,-9.121908
930,1700738935873,-14.003686,13.5775175,-8.734048
931,1700738935893,-12.433089,15.978902,-9.610326
932,1700738935914,-11.465832,16.546328,-9.481039
933,1700738935934,-11.6908865,14.5088625,-9.0429
934,1700738935956,-11.801021,13.00291,-8.700529
935,1700738935973,-12.145785,9.552865,-7.551312
936,1700738935993,-15.217546,8.465898,-9.378088
937,1700738936014,-21.559786,8.856153,-13.055582
938,1700738936034,-29.309816,7.204153,-15.284584
939,1700738936056,-39.087738,4.951209,-17.326838
940,1700738936073,-51.3245,2.4756045,-24.449587
941,1700738936093,-61.74646,-5.197812,-28.562826
942,1700738936113,-77.14357,-19.63006,-19.335573
943,1700738936133,-78.44363,-25.79513,-16.819267
944,1700738936155,-78.44363,-27.973852,-24.095245
945,1700738936172,-59.14157,-17.537527,-8.001422
946,1700738936193,-39.61207,-9.646238,-5.3318872
947,1700738936212,-29.242779,-15.466543,-7.8745294
948,1700738936234,-23.458387,-21.138407,-9.631873
949,1700738936253,-16.079458,-24.114399,-8.9040365
950,1700738936273,-7.78355,-23.343466,-4.9679685
951,1700738936294,-3.787627,-18.725052,-4.88896
952,1700738936313,-1.6041151,-18.06904,-4.793192
953,1700738936333,-0.2657564,-16.883911,-3.53863
954,1700738936355,3.1196449,-16.71871,-1.5969325
955,1700738936373,4.876989,-16.941372,-2.8491
956,1700738936394,5.8107276,-17.98285,-3.620033
957,1700738936413,5.377377,-17.664421,-2.3511062
958,1700738936433,2.930503,-15.598224,-1.1061212
959,1700738936456,0.58657944,-14.338874,-1.0295067
960,1700738936475,0.055066638,-13.567941,-0.24899697
961,1700738936493,-0.33758244,-14.312538,-0.30406362
962,1700738936513,-2.4756045,-14.626178,-3.1747115
963,1700738936533,-3.8977604,-14.810532,-4.795586
964,1700738936557,-5.719748,-20.001162,-5.710171
965,1700738936574,-12.373235,-31.088709,-5.6359506
966,1700738936594,-29.831753,-46.842556,-11.142614
967,1700738936613,-53.247047,-57.73378,-13.172897
968,1700738936633,-61.40888,-55.610123,-13.634978
969,1700738936655,-61.372967,-42.145134,-14.300567
970,1700738936674,-54.836796,-27.700914,-15.622166
971,1700738936693,-42.949585,-14.446613,-14.877569
972,1700738936715,-31.964987,-4.6782703,-14.293385
973,1700738936734,-26.657042,-1.2689269,-13.836092
974,1700738936756,-19.323603,3.311181,-11.602302
975,1700738936775,-16.517597,8.578424,-8.899248
976,1700738936795,-13.424289,15.737088,-5.695806
977,1700738936814,-13.761871,15.682021,-6.8761473
978,1700738936836,-15.078682,19.970036,-9.835381
979,1700738936854,-16.218323,22.10327,-9.8042555
980,1700738936874,-17.480066,16.280571,-10.266336
981,1700738936893,-20.350714,11.599907,-10.749966
982,1700738936914,-23.819912,7.465121,-10.749966
983,1700738936934,-27.552473,4.771644,-11.394006
984,1700738936955,-34.179623,3.0238767,-12.698846
985,1700738936973,-42.98071,-0.9672575,-17.123331
986,1700738936994,-56.09854,-8.925584,-17.934965
987,1700738937013,-68.78781,-19.52711,-11.513716
988,1700738937034,-76.420525,-22.783224,-8.916007
989,1700738937054,-62.364166,-21.004332,-7.4986396
990,1700738937075,-37.512352,-20.731392,2.1906946
991,1700738937093,-23.762451,-20.032286,-0.5530606
992,1700738937115,-20.578163,-19.033903,-1.1492168
993,1700738937134,-17.369934,-19.318813,0.7278373
994,1700738937155,-9.722853,-19.369091,1.1563994
995,1700738937173,-3.4117374,-20.08017,1.3239936
996,1700738937195,-1.3838485,-15.911864,0.7015011
997,1700738937213,-0.6967127,-12.995727,-1.2401965
998,1700738937235,1.7046716,-10.220847,-1.6831238
999,1700738937256,5.6982,-9.349358,0.12449849
1000,1700738937275,8.307879,-10.010158,2.0278888
1001,1700738937294,8.185776,-9.483433,1.3790601
1002,1700738937316,7.3885064,-9.287108,2.360683
1003,1700738937334,6.4882865,-10.364499,4.6112323
1004,1700738937357,5.6359506,-14.322115,2.528277
1005,1700738937375,5.0182467,-16.759413,0.24899697
1006,1700738937395,3.229778,-18.416199,0.047884032
1007,1700738937415,-0.5434838,-21.124043,0.22266077
1008,1700738937437,-5.243302,-26.54212,-2.5570073
1009,1700738937457,-12.600683,-36.516365,-7.393295
1010,1700738937475,-35.702335,-49.612648,-8.018182
1011,1700738937495,-35.941757,-53.11776,-9.291897
1012,1700738937515,-38.68072,-53.124943,-7.764396
1013,1700738937536,-43.63193,-45.93755,-9.0476885
1014,1700738937556,-45.257595,-36.202724,-10.230424
1015,1700738937574,-42.152313,-25.287558,-10.316615
1016,1700738937596,-34.720715,-12.332533,-9.390059
1017,1700738937615,-25.98906,-3.2561142,-8.8777
1018,1700738937635,-23.113623,1.2593501,-9.749189
1019,1700738937657,-19.52232,4.4795513,-8.588001
1020,1700738937677,-14.856022,7.177817,-6.435614
1021,1700738937694,-10.989386,10.441113,-4.6950297
1022,1700738937716,-12.107478,14.403518,-5.0613422
1023,1700738937736,-14.525621,17.911022,-5.3318872
1024,1700738937757,-15.160085,18.030733,-4.5154643
1025,1700738937775,-16.129736,13.582306,-4.0821137
1026,1700738937796,-18.521544,10.623073,-3.9336734
1027,1700738937815,-21.32276,7.699753,-6.6247563
1028,1700738937837,-26.896461,5.2648497,-8.180987
1029,1700738937857,-33.104626,2.1021092,-8.872911
1030,1700738937877,-40.213013,-3.739743,-15.43063
1031,1700738937895,-45.916,-7.809886,-19.744982
1032,1700738937918,-56.132057,-14.329297,-24.53578
1033,1700738937936,-65.122284,-23.336285,-22.749704
1034,1700738937957,-67.19327,-26.762386,-11.808203
1035,1700738937977,-52.191204,-24.827871,-8.750807
1036,1700738937996,-31.409533,-20.415358,-1.9273324
1037,1700738938015,-19.194315,-18.365921,-2.9520507
1038,1700738938036,-15.358804,-14.405911,-6.457162
1039,1700738938058,-12.071565,-15.8783455,-3.1866825
1040,1700738938076,-8.595184,-17.281347,-1.3910311
1041,1700738938098,-3.4141316,-19.59654,-1.0989386
1042,1700738938116,-0.78050977,-17.37951,-0.1340753
1043,1700738938136,1.6472107,-14.245501,-0.7254431
1044,1700738938157,5.3486466,-11.36767,-1.4676456
1045,1700738938178,9.667787,-8.827422,-0.7302315
1046,1700738938197,11.417948,-8.166622,0.18674773
1047,1700738938217,10.673351,-9.43076,-0.4309563
1048,1700738938237,7.513005,-11.197681,-1.0055647
1049,1700738938257,4.5633483,-11.659762,-1.0965444
1050,1700738938277,2.243367,-11.827356,-1.9919758
1051,1700738938296,0.94331545,-13.723564,-2.4995465
1052,1700738938319,-3.6008794,-21.574152,-3.4284968
1053,1700738938335,-12.076353,-30.233978,-2.3894134
1054,1700738938357,-28.44551,-40.157944,-4.939238
1055,1700738938375,-43.404484,-50.022057,-7.165846
1056,1700738938396,-45.09,-44.90325,-9.837775
1057,1700738938416,-52.296547,-37.79008,-12.785037
1058,1700738938436,-52.054733,-27.887661,-11.777079
1059,1700738938458,-41.60883,-18.033127,-11.149797
1060,1700738938478,-34.459743,-8.853758,-14.492103
1061,1700738938497,-25.95554,-1.4820108,-14.714764
1062,1700738938518,-17.97806,1.8579005,-11.398794
1063,1700738938537,-12.8209505,2.9520507,-7.4268136
1064,1700738938557,-11.204864,7.201759,-6.5241995
1065,1700738938576,-10.445902,12.466608,-6.2632318
1066,1700738938596,-10.481815,18.08101,-5.145139
1067,1700738938616,-11.15698,21.274876,-4.417302
1068,1700738938638,-11.702858,21.763294,-4.5441947
1069,1700738938658,-12.210428,17.365145,-4.474763
1070,1700738938678,-12.385205,13.867216,-4.8937483
1071,1700738938696,-13.946225,10.630256,-7.6111674
1072,1700738938717,-17.992426,8.717288,-8.76996
1073,1700738938736,-21.746534,5.3725886,-9.301474
1074,1700738938758,-23.530214,4.1276035,-11.140221
1075,1700738938778,-29.281086,2.4588451,-12.61026
1076,1700738938798,-40.179493,-4.4460325,-16.436195
1077,1700738938816,-46.701298,-11.465832,-21.171926
1078,1700738938837,-51.707573,-17.381905,-16.713923
1079,1700738938858,-57.810394,-32.597057,-10.141838
1080,1700738938877,-40.8379,-33.82049,-2.0326772
1081,1700738938898,-26.039337,-24.025814,-4.9895163
1082,1700738938917,-16.254236,-19.325996,0.6655881
1083,1700738938936,-9.387665,-18.126501,2.707842
1084,1700738938958,-3.6224272,-16.350004,1.5634137
1085,1700738938976,-1.0414777,-13.8959465,0.8355764
1086,1700738938997,-1.7621324,-10.651803,0.9576807
1087,1700738939016,0.5243302,-8.865729,1.541866
1088,1700738939037,4.2784386,-8.408437,2.0685902
1089,1700738939057,6.220136,-8.336611,1.3311762
1090,1700738939077,8.176199,-8.276755,-0.5243302
1091,1700738939098,7.3765354,-7.1251445,-1.1563994
1092,1700738939119,6.9982514,-5.681441,-0.82599956
1093,1700738939137,6.457162,-5.2361193,0.4213795
1094,1700738939161,6.5744777,-5.0541596,-1.922544
1095,1700738939178,6.0166287,-6.6606693,-3.3734303
1096,1700738939198,3.8953662,-11.654974,-4.7764325
1097,1700738939219,1.0845734,-20.156784,-5.949591
1098,1700738939242,-3.9911342,-36.049496,-7.704541
1099,1700738939314,-18.907011,-56.869473,-10.0987425
1100,1700738939315,-44.6782,-64.83259,-7.4723034
1101,1700738939315,-46.121902,-54.14248,-8.183381
1102,1700738939335,-46.117115,-38.630444,-9.799467
1103,1700738939339,-40.433277,-23.479937,-9.964667
1104,1700738939361,-31.883585,-9.651027,-10.694899
1105,1700738939377,-23.053768,-0.46208093,-10.493786
1106,1700738939434,-17.882292,2.7964275,-9.481039
1107,1700738939453,-15.976508,5.8681884,-9.076419
1108,1700738939453,-14.274231,14.425065,-8.152257
1109,1700738939498,-12.397177,18.667591,-6.4667387
1110,1700738939498,-11.226412,19.733011,-6.6654577
1111,1700738939542,-14.353239,22.357056,-7.7787614
1112,1700738939542,-17.204733,19.725828,-8.602366
1113,1700738939543,-19.29966,14.8512335,-8.995016
1114,1700738939570,-21.65316,10.565612,-10.103531
1115,1700738939584,-26.475082,7.1131735,-11.329363
1116,1700738939601,-31.730354,4.5322237,-12.464214
1117,1700738939649,-37.24899,2.1978772,-14.446613
1118,1700738939652,-47.19211,-5.073313,-16.845604
1119,1700738939660,-57.96602,-14.422671,-16.673222
1120,1700738939684,-68.03364,-20.578163,-13.828909
1121,1700738939702,-67.78224,-28.249186,-9.830592
1122,1700738939718,-47.01015,-27.07842,-3.2345665
1123,1700738939763,-28.208485,-20.779276,-0.5434838
1124,1700738939764,-19.84075,-23.415293,1.8986019
1125,1700738939794,-14.077906,-21.4305,0.4213795
1126,1700738939850,-5.959168,-22.304382,-1.2401965
1127,1700738939850,-1.163582,-19.27093,-0.89064306
1128,1700738939859,-0.260968,-15.119384,0.49081135
1129,1700738939860,-0.10055647,-13.397953,-0.12210429
1130,1700738939878,0.7781156,-10.9822035,-1.6807296
1131,1700738939902,2.468422,-8.959103,-3.2992098
1132,1700738939921,5.0182467,-7.309498,-2.4995465
1133,1700738939940,6.8665705,-7.156269,-0.31603462
1134,1700738939959,8.276755,-6.540959,-0.9959879
1135,1700738939978,9.016563,-5.2026005,-2.3056161
1136,1700738940000,8.269572,-5.279215,-0.14604631
1137,1700738940039,5.7987566,-6.325481,1.7621324
1138,1700738940041,4.51307,-8.056489,-0.56982
1139,1700738940062,2.3894134,-10.515334,-1.9009962
1140,1700738940079,-1.3335704,-17.274166,-3.5218706
1141,1700738940100,-7.1993647,-32.831688,-6.2728086
1142,1700738940119,-31.486147,-54.01798,-5.535394
1143,1700738940139,-35.8819,-63.26678,-4.1156325
1144,1700738940160,-48.420334,-53.40985,-7.4842744
1145,1700738940180,-46.79946,-37.576996,-10.132261
1146,1700738940201,-40.009506,-23.252487,-9.186552
1147,1700738940220,-30.585926,-9.543288,-10.16578
1148,1700738940239,-21.231781,-0.49559975,-10.041282
1149,1700738940260,-17.671602,1.9776106,-9.179369
1150,1700738940280,-14.4849205,3.4380736,-7.45315
1151,1700738940298,-14.757859,7.824251,-7.735666
1152,1700738940319,-14.2862015,15.861587,-7.6351094
1153,1700738940341,-13.067553,21.37304,-7.062895
1154,1700738940362,-13.43626,23.058558,-7.714118
1155,1700738940381,-15.325285,20.733788,-7.5561004
1156,1700738940400,-16.278177,15.004462,-7.2592196
1157,1700738940446,-17.195156,10.805033,-7.117962
1158,1700738940455,-20.240582,7.505822,-7.2664022
1159,1700738940474,-23.154325,4.43885,-8.408437
1160,1700738940490,-25.160666,2.870648,-10.235212
1161,1700738940499,-30.001741,2.006341,-11.221623
1162,1700738940525,-42.554543,-4.661511,-15.617377
1163,1700738940540,-54.57104,-14.29099,-19.393034
1164,1700738940565,-66.65218,-22.285229,-16.970102
1165,1700738940580,-67.53085,-27.870901,-8.7053175
1166,1700738940600,-46.83777,-30.39918,3.8857894
1167,1700738940619,-27.39685,-21.796812,-0.12928689
1168,1700738940640,-15.7323,-18.495209,0.80684596
1169,1700738940660,-15.059528,-17.101782,1.5729905
1170,1700738940681,-12.382812,-14.587871,2.5737667
1171,1700738940699,-6.95755,-15.1696615,3.406949
1172,1700738940721,-4.2640734,-14.168885,4.709395
1173,1700738940740,-0.5722142,-13.00291,3.1651347
1174,1700738940761,5.889736,-13.455414,1.6519991
1175,1700738940780,10.84334,-12.13142,1.4532804
1176,1700738940800,13.491326,-10.852917,0.90500826
1177,1700738940820,13.479356,-10.019734,0.05267244
1178,1700738940840,12.138602,-9.981427,-0.60812724
1179,1700738940861,9.006987,-9.421184,-0.79008657
1180,1700738940882,6.9024835,-8.281544,-2.0901382
1181,1700738940909,5.7987566,-7.2233067,-3.940856
1182,1700738940927,2.6024973,-11.657368,-5.5737014
1183,1700738940945,-4.867412,-27.593174,-8.082825
1184,1700738940961,-27.667395,-51.513645,-16.158466
1185,1700738940986,-40.256107,-59.73773,-15.392323
1186,1700738941034,-47.125072,-54.41781,-14.511256
1187,1700738941039,-49.643772,-39.779663,-15.315708
1188,1700738941045,-45.97825,-29.764715,-13.036428
1189,1700738941061,-42.750866,-24.66746,-12.935872
1190,1700738941085,-34.682407,-14.209587,-13.455414
1191,1700738941100,-27.389668,-5.9807158,-12.983756
1192,1700738941121,-22.653936,-2.0350714,-11.219229
1193,1700738941142,-23.400927,1.5705963,-10.737994
1194,1700738941162,-23.326708,6.919243,-9.43076
1195,1700738941180,-22.096088,16.038757,-5.793968
1196,1700738941202,-21.38022,25.46473,-3.3207579
1197,1700738941221,-21.152773,32.783802,-2.1523874
1198,1700738941241,-22.146366,25.08884,-2.054225
1199,1700738941262,-21.246145,15.078682,-1.9177556
1200,1700738941283,-24.408886,8.499416,-3.2680852
1201,1700738941301,-29.55642,4.2904096,-7.4028716
1202,1700738941322,-37.976826,-3.572149,-10.948685
1203,1700738941342,-56.6516,-17.578228,-15.246277
1204,1700738941364,-77.08851,-45.190556,-25.77358
1205,1700738941382,-58.363457,-57.805607,-12.61026
1206,1700738941402,-37.90021,-53.29493,-6.2728086
1207,1700738941422,-24.298754,-41.999084,-3.2034419
1208,1700738941442,-13.718776,-29.747955,-1.0749966
1209,1700738941462,-9.078813,-26.487053,0.40701428
1210,1700738941482,-2.8538885,-19.13446,1.115698
1211,1700738941503,2.1068976,-15.313314,1.0223241
1212,1700738941524,6.6630635,-12.500127,1.6472107
1213,1700738941542,11.796232,-13.285425,-0.5267244
1214,1700738941564,18.978836,-11.731588,-2.8538885
1215,1700738941583,20.59253,-10.551247,-3.6176388
1216,1700738941602,19.093758,-10.093954,-3.5649664
1217,1700738941622,16.436195,-10.086772,-3.4835634
1218,1700738941643,13.757083,-9.818622,-4.3167458
1219,1700738941663,10.7116585,-9.157822,-4.620809
1220,1700738941683,7.074866,-10.405201,-5.116409
1221,1700738941702,3.8953662,-11.827356,-6.2823853
1222,1700738941724,1.2401965,-17.266983,-7.9152308
1223,1700738941742,-1.2234371,-29.894003,-9.880871
1224,1700738941763,-8.516175,-51.216763,-10.6398325
1225,1700738941782,-26.975471,-60.221355,-11.513716
1226,1700738941803,-39.621643,-49.164932,-17.017986
1227,1700738941823,-31.002518,-40.131607,-18.121712
1228,1700738941843,-29.786263,-36.97605,-17.187975
1229,1700738941863,-28.155811,-32.28581,-13.821727
1230,1700738941883,-24.286781,-21.734564,-13.184869
1231,1700738941903,-17.252617,-12.315774,-12.277467
1232,1700738941924,-13.599066,-3.0382419,-9.895236
1233,1700738941944,-13.335704,1.6352397,-9.009381
1234,1700738941964,-15.5359745,6.1004257,-10.402806
1235,1700738941983,-17.116148,13.515268,-9.753978
1236,1700738942004,-17.295713,22.637177,-6.646304
1237,1700738942023,-17.961302,27.222073,-6.933608
1238,1700738942044,-20.238188,22.110453,-6.7708025
1239,1700738942064,-20.597317,13.256695,-6.3302693
1240,1700738942083,-21.250935,6.7372837,-6.1004257
1241,1700738942103,-23.118412,1.3790601,-5.046977
1242,1700738942124,-25.756823,-3.2249897,-6.8641763
1243,1700738942142,-30.550014,-8.085219,-6.8522053
1244,1700738942165,-46.591164,-15.6317425,-10.560823
1245,1700738942183,-70.53318,-50.536808,-14.930242
1246,1700738942204,-48.20007,-58.11685,0.521936
1247,1700738942224,-25.871744,-43.07408,-0.062249243
1248,1700738942246,-20.06341,-33.968933,-0.5363012
1249,1700738942264,-13.747506,-22.244528,1.2689269
1250,1700738942285,-8.343793,-19.335573,3.2561142
1251,1700738942305,-4.9775453,-15.849615,4.709395
1252,1700738942325,-2.0494366,-13.170504,6.179435
1253,1700738942343,0.9983821,-9.624691,3.1555579
1254,1700738942366,5.4324436,-6.4140663,0.47165772
1255,1700738942383,9.868899,-5.080496,0.46447513
1256,1700738942404,13.888764,-6.739678,2.8083985
1257,1700738942424,14.9063,-7.8050976,2.4636335
1258,1700738942445,13.742718,-6.5481415,1.1252748
1259,1700738942465,11.480197,-4.8482585,0.009576807
1260,1700738942486,9.995792,-3.6966474,-0.79008657
1261,1700738942504,8.784326,-3.8977604,-1.8100165
1262,1700738942524,6.5218053,-7.0006456,-3.1483753
1263,1700738942543,4.369418,-11.736377,-4.9559975
1264,1700738942565,2.2481554,-23.73851,-7.8386164
1265,1700738942585,-4.807557,-44.89128,-12.078748
1266,1700738942606,-22.548592,-58.95961,-11.128249
1267,1700738942625,-29.975405,-54.271763,-13.438654
1268,1700738942644,-23.159113,-49.275066,-13.448231
1269,1700738942664,-24.483107,-38.01274,-12.361263
1270,1700738942683,-23.40811,-27.087997,-8.9279785
1271,1700738942704,-19.663578,-15.820885,-7.639898
1272,1700738942724,-14.149732,-5.056554,-6.8162923
1273,1700738942743,-11.554418,0.7422025,-5.6431336
1274,1700738942765,-11.69807,2.7820623,-4.88896
1275,1700738942785,-12.811374,6.26802,-4.158728
1276,1700738942806,-14.025233,12.368446,-3.3925838
1277,1700738942824,-14.403518,17.82962,-2.779668
1278,1700738942844,-14.516045,19.946095,-2.7509377
1279,1700738942866,-15.593435,18.61013,-3.193865
1280,1700738942886,-17.089811,13.184869,-4.6830587
1281,1700738942905,-18.732235,9.23683,-6.256049
1282,1700738942925,-22.014685,5.5976434,-7.4363904
1283,1700738942945,-25.045744,1.5729905,-7.5680714
1284,1700738942967,-30.425516,-2.8419175,-10.5680065
1285,1700738942986,-35.711914,-7.290344,-14.377181
1286,1700738943006,-46.38287,-15.540763,-10.618284
1287,1700738943025,-54.5878,-29.099127,-14.111424
1288,1700738943045,-60.781597,-38.45806,-16.68998
1289,1700738943065,-40.28005,-37.823597,-11.57836
1290,1700738943085,-26.556486,-29.463047,-5.4803276
1291,1700738943106,-18.239029,-25.541344,-1.2186487
1292,1700738943127,-9.181764,-21.722591,0.8762778
1293,1700738943145,-2.042254,-17.7961,0.6655881
1294,1700738943166,-0.17956513,-14.116213,0.0023942017
1295,1700738943184,0.7326257,-10.342952,-0.90021986
1296,1700738943205,2.3582888,-7.7308774,-2.0518308
1297,1700738943225,5.3247046,-8.099585,-1.9201498
1298,1700738943246,8.202535,-9.337387,-1.436521
1299,1700738943269,9.569624,-8.214506,-1.8722657
1300,1700738943286,9.461885,-6.279991,-3.1675289
1301,1700738943306,9.461885,-4.5154643,-3.6846764
1302,1700738943325,9.797073,-4.187459,-2.1212628
1303,1700738943347,10.833763,-4.283227,-2.9233203
1304,1700738943368,11.678916,-5.427655,-3.7900212
1305,1700738943385,11.640609,-10.718841,-4.2904096
1306,1700738943406,6.564901,-20.482395,-3.3542767
1307,1700738943427,-0.51475334,-43.33026,-7.479486
1308,1700738943448,-6.2584434,-54.489635,-9.153033
1309,1700738943467,-44.79791,-71.28496,-7.3669586
1310,1700738943486,-38.76452,-57.252544,-7.3525934
1311,1700738943505,-40.66073,-42.576088,-12.0571995
1312,1700738943526,-42.911278,-34.790146,-11.03727
1313,1700738943546,-38.733395,-25.44797,-10.941502
1314,1700738943568,-29.738379,-12.186486,-12.521675
1315,1700738943586,-20.372263,-1.42455,-12.26789
1316,1700738943608,-15.502456,2.753332,-9.957485
1317,1700738943625,-13.196839,4.6806645,-7.6710224
1318,1700738943646,-11.542446,9.3733,-7.716512
1319,1700738943666,-10.9582615,16.721106,-6.6965823
1320,1700738943687,-12.270284,20.345926,-6.83784
1321,1700738943706,-14.966155,20.697874,-8.248025
1322,1700738943728,-18.11453,17.391481,-7.9726915
1323,1700738943746,-20.927717,13.227964,-8.003817
1324,1700738943769,-23.889345,8.319851,-7.8793178
1325,1700738943789,-27.092787,4.865018,-9.89763
1326,1700738943806,-30.916327,2.3415294,-11.789049
1327,1700738943826,-33.0735,0.8810662,-11.760319
1328,1700738943846,-40.215405,-5.159505,-14.003686
1329,1700738943867,-47.924736,-12.72997,-14.528016
1330,1700738943886,-58.07136,-19.366697,-12.876017
1331,1700738943905,-65.53409,-39.63122,-15.586253
1332,1700738943929,-43.035774,-40.375816,-7.773973
1333,1700738943946,-26.259604,-26.431986,-1.7501614
1334,1700738943967,-17.448942,-22.603659,0.62488663
1335,1700738943986,-7.860164,-19.871874,1.412579
1336,1700738944006,-1.3503298,-18.452112,0.23702596
1337,1700738944025,-0.08379706,-14.978126,-0.15083471
1338,1700738944046,0.61530983,-10.960655,-0.8643068
1339,1700738944069,3.3758245,-8.690952,-2.030283
1340,1700738944090,6.9503675,-9.018958,-1.283292
1341,1700738944107,8.281544,-9.768343,-1.5873557
1342,1700738944128,8.628703,-8.063671,-2.7102363
1343,1700738944148,8.250419,-6.531382,-1.328782
1344,1700738944168,8.355764,-5.305551,0.20829555
1345,1700738944189,8.937555,-4.426879,-1.3024458
1346,1700738944207,8.836999,-4.972757,-1.9512744
1347,1700738944228,8.42759,-7.2304893,-2.4301147
1348,1700738944249,5.8322754,-12.061988,-1.7621324
1349,1700738944267,-0.32800564,-24.550144,-2.9496565
1350,1700738944287,-8.413225,-46.50976,-8.583213
1351,1700738944307,-46.397236,-67.41593,-8.384495
1352,1700738944328,-43.720516,-62.567673,-5.9902925
1353,1700738944347,-45.80108,-46.87368,-11.427525
1354,1700738944369,-45.85854,-34.921825,-11.010934
1355,1700738944387,-39.348705,-21.057003,-8.602366
1356,1700738944408,-32.87718,-9.397242,-10.694899
1357,1700738944426,-24.416069,-1.8531121,-12.421119
1358,1700738944448,-19.34036,4.036624,-12.050017
1359,1700738944467,-17.082628,8.300697,-10.79785
1360,1700738944491,-14.618996,13.409924,-7.651869
1361,1700738944507,-11.623849,17.51119,-6.0142345
1362,1700738944527,-10.8864355,18.918982,-6.1866174
1363,1700738944547,-12.059594,18.351557,-6.955156
1364,1700738944569,-12.284649,13.761871,-6.7731967
1365,1700738944587,-13.467384,9.284714,-6.7444663
1366,1700738944609,-14.434642,7.6494746,-6.6870055
1367,1700738944627,-16.311697,5.5521536,-7.1849995
1368,1700738944648,-18.452112,5.073313,-7.323863
1369,1700738944668,-21.511902,3.9480386,-7.469909
1370,1700738944688,-27.621904,1.2761095,-9.7084875
1371,1700738944708,-36.48524,-5.073313,-14.341269
1372,1700738944729,-47.76672,-13.357251,-12.452243
1373,1700738944748,-58.32036,-20.219034,-6.4380083
1374,1700738944769,-54.101776,-23.865402,-9.088389
1375,1700738944788,-43.69418,-16.457743,-8.614338
1376,1700738944809,-31.62501,-12.751518,-5.566519
1377,1700738944828,-23.444023,-9.409213,-6.5218053
1378,1700738944848,-20.15439,-13.342886,-7.48188
1379,1700738944869,-16.646885,-15.066711,-7.005434
1380,1700738944889,-10.400413,-15.818491,-5.837064
1381,1700738944908,-5.17387,-15.478514,-4.10845
1382,1700738944929,-2.918532,-12.751518,-3.7660792
1383,1700738944949,-1.2665327,-12.41633,-3.040636
1384,1700738944970,0.9840169,-11.303026,-1.4053963
1385,1700738944988,3.7062242,-11.370064,-0.25378537
1386,1700738945009,4.900931,-10.6637745,-0.6368576
1387,1700738945028,7.2209125,-8.508993,-1.685518
1388,1700738945051,8.6813755,-8.161834,0.107739076
1389,1700738945069,9.181764,-8.808268,0.89782566
1390,1700738945089,7.81228,-8.295909,-0.5746084
1391,1700738945108,5.758055,-8.6334915,-2.2816741
1392,1700738945128,3.6008794,-9.540894,-4.189853
1393,1700738945148,-0.32321724,-14.389153,-5.8801594
1394,1700738945170,-7.290344,-26.762386,-4.9583917
1395,1700738945190,-20.187908,-40.06457,-7.513005
1396,1700738945209,-47.65419,-49.74912,-12.385205
1397,1700738945229,-39.219418,-40.76607,-13.4195
1398,1700738945250,-39.1452,-35.996822,-10.951078
1399,1700738945270,-43.603203,-34.557907,-8.497022
1400,1700738945289,-42.307938,-28.172571,-9.519346
1401,1700738945309,-35.75501,-16.12016,-12.095507
1402,1700738945330,-27.870901,-5.614403,-12.624625
1403,1700738945350,-22.88378,0.7422025,-11.973403
1404,1700738945371,-19.651608,2.348712,-10.759542
1405,1700738945389,-20.228611,3.9624038,-11.425131
1406,1700738945408,-21.586123,12.945449,-12.076353
1407,1700738945429,-19.907787,24.823084,-8.513782
1408,1700738945450,-19.503166,27.399244,-9.19134
1409,1700738945470,-20.750546,29.096733,-9.9790325
1410,1700738945490,-22.692244,18.52394,-10.551247
1411,1700738945509,-27.035326,10.919954,-9.842564
1412,1700738945530,-31.344889,7.2831616,-9.507375
1413,1700738945549,-38.106113,3.5817258,-14.571112
1414,1700738945570,-44.3071,-1.7477672,-17.891869
1415,1700738945589,-63.80308,-16.819267,-17.27177
1416,1700738945609,-74.50277,-24.631548,-15.43063
1417,1700738945629,-74.9864,-41.436447,-11.085154
1418,1700738945651,-50.692432,-37.217865,-0.9648633
1419,1700738945669,-29.980194,-27.746403,2.042254
1420,1700738945692,-18.260576,-27.030537,1.9033904
1421,1700738945711,-11.834539,-22.517467,2.7700913
1422,1700738945729,-6.385336,-22.44564,0.110133275
1423,1700738945750,0.320823,-19.098547,-1.8555063
1424,1700738945770,6.256049,-16.397888,0.45250413
1425,1700738945790,9.399636,-15.722723,1.067814
1426,1700738945810,14.168885,-13.986926,0.61770403
1427,1700738945829,15.255854,-12.665327,-1.0127473
1428,1700738945850,10.893618,-12.909535,-1.532289
1429,1700738945870,7.503428,-12.447454,-1.4389153
1430,1700738945890,6.4547677,-12.744335,0.23942018
1431,1700738945910,4.8123455,-12.761095,0.29927522
1432,1700738945931,3.4093432,-12.014104,-1.1659763
1433,1700738945950,1.958457,-11.374852,-2.5881321
1434,1700738945970,-1.2856863,-15.409082,-3.7134068
1435,1700738945990,-7.381324,-25.728092,-6.411672
1436,1700738946011,-26.740839,-41.23055,-11.547235
1437,1700738946030,-35.632904,-48.573563,-8.3629465
1438,1700738946051,-54.71469,-43.93839,-5.8562174
1439,1700738946070,-46.109932,-27.811047,-0.62728083
1440,1700738946090,-42.384552,-25.028984,-1.1851299
1441,1700738946109,-38.70227,-18.509573,-3.311181
1442,1700738946130,-32.39355,-10.184934,-7.2807674
1443,1700738946149,-26.592398,-4.546589,-11.568783
1444,1700738946172,-23.36262,0.30166942,-12.682086
1445,1700738946191,-22.0913,2.542642,-12.696451
1446,1700738946210,-19.747375,11.042058,-11.355699
1447,1700738946230,-14.671668,22.287624,-6.1866174
1448,1700738946250,-17.587805,22.280441,-8.865729
1449,1700738946271,-15.861587,31.41432,-9.052477
1450,1700738946292,-20.755335,32.43425,-9.143456
1451,1700738946310,-23.865402,19.737799,-7.9822683
1452,1700738946330,-25.548527,12.785037,-6.411672
1453,1700738946349,-28.04568,8.252813,-7.0221934
1454,1700738946371,-30.990547,3.7948096,-8.264784
1455,1700738946391,-37.52911,-0.91219085,-8.030152
1456,1700738946411,-50.35485,-7.66384,-10.922348
1457,1700738946430,-57.42014,-10.103531,-14.997279
1458,1700738946450,-71.09821,-25.127148,-8.394072
1459,1700738946472,-56.03629,-33.308132,3.6367924
1460,1700738946493,-36.834793,-20.817583,5.825093
1461,1700738946510,-20.85589,-13.520057,2.6982653
1462,1700738946532,-12.686874,-14.743494,1.055843
1463,1700738946551,-10.019734,-16.115372,-0.39025488
1464,1700738946572,-5.1666875,-16.785748,-2.540248
1465,1700738946591,-2.7700913,-15.612589,-4.3598413
1466,1700738946612,1.9129672,-13.623008,-1.4748282
1467,1700738946632,6.8905125,-13.067553,1.5466543
1468,1700738946652,11.221623,-10.584765,-1.6543933
1469,1700738946671,12.3038025,-10.220847,-5.2480903
1470,1700738946691,9.107543,-12.191275,-4.7405195
1471,1700738946711,7.1514807,-12.988544,-1.8770541
1472,1700738946731,7.529764,-12.897565,-3.5003228
1473,1700738946751,8.212111,-12.040441,-4.1802764
1474,1700738946775,8.128315,-12.856863,-2.8443117
1475,1700738946790,4.996699,-14.707581,-2.5354595
1476,1700738946814,-1.4987702,-18.672379,-2.3439236
1477,1700738946831,-7.920019,-29.582756,-5.8586116
1478,1700738946852,-24.272417,-44.49145,-10.316615
1479,1700738946874,-48.36048,-53.00284,-5.901707
1480,1700738946892,-46.945507,-52.442593,0.009576807
1481,1700738946911,-47.414772,-39.67192,-4.9057193
1482,1700738946933,-47.445896,-30.063992,-4.0222588
1483,1700738946952,-39.140408,-19.495985,-4.0940847
1484,1700738946977,-30.588322,-9.392453,-7.03177
1485,1700738946993,-26.233269,-5.035006,-8.173804
1486,1700738947013,-19.615694,1.99437,-8.3629465
1487,1700738947031,-15.409082,5.2744265,-6.7612257
1488,1700738947055,-13.469779,9.248801,-6.789956
1489,1700738947076,-12.437878,18.86631,-5.841852
1490,1700738947093,-14.283808,22.910116,-6.9240313
1491,1700738947112,-16.175226,23.606829,-7.8793178
1492,1700738947133,-18.02834,24.260447,-7.8290396
1493,1700738947153,-19.49359,18.397045,-9.871294
1494,1700738947178,-23.127989,12.854469,-10.656591
1495,1700738947193,-28.162994,8.743625,-10.5440645
1496,1700738947212,-31.65374,4.9224787,-10.642226
1497,1700738947231,-38.15639,0.34715924,-10.572795
1498,1700738947253,-51.156906,-8.11395,-17.106571
1499,1700738947274,-62.289948,-14.884752,-23.218967
1500,1700738947294,-78.39813,-34.57706,-19.086576
1501,1700738947312,-60.46317,-57.95405,1.2737153
1502,1700738947334,-35.22589,-41.19703,-1.5059528
1503,1700738947354,-22.347479,-26.09201,0.9624691
1504,1700738947376,-12.79222,-20.683508,1.5131354
1505,1700738947395,-7.6351094,-20.300436,0.7206547
1506,1700738947415,0.22026655,-18.89504,1.5059528
1507,1700738947432,2.030283,-13.496115,1.043872
1508,1700738947455,3.2249897,-8.774749,-0.9504981
1509,1700738947476,5.33907,-6.5002575,-2.4779987
1510,1700738947496,7.2352777,-6.054936,-2.0973208
1511,1700738947514,8.781932,-5.3366756,-0.7158663
1512,1700738947536,8.374918,-5.020641,-0.107739076
1513,1700738947555,6.4882865,-4.249708,0.4165911
1514,1700738947575,6.033388,-3.0454245,0.35913026
1515,1700738947597,6.2871737,-2.5258827,-0.035913024
1516,1700738947616,5.793968,-3.0190883,-0.055066638
1517,1700738947633,4.7189717,-4.7261543,0.050278235
1518,1700738947654,3.3494883,-6.2728086,-0.45489833
1519,1700738947673,2.066196,-9.691729,-1.5969325
1520,1700738947694,-0.4165911,-19.632454,-3.7565024
1521,1700738947714,-10.845734,-33.360806,-7.2807674
1522,1700738947735,-41.72136,-44.465115,-2.4660277
1523,1700738947753,-39.173927,-44.398075,3.8283286
1524,1700738947776,-39.980774,-40.904938,3.1364043
1525,1700738947793,-36.91859,-27.949911,-0.37588966
1526,1700738947814,-33.09984,-20.520702,-3.2609026
1527,1700738947833,-27.878084,-11.63582,-4.8099513
1528,1700738947854,-22.163126,-5.4922986,-5.896919
1529,1700738947874,-17.099388,-1.472434,-6.5720835
1530,1700738947894,-14.626178,0.7398083,-5.5401826
1531,1700738947916,-12.993333,3.6607344,-5.5258174
1532,1700738947936,-13.402741,13.108254,-6.8569937
1533,1700738947956,-13.998898,27.439945,-7.089231
1534,1700738947976,-17.448942,25.907656,-9.859323
1535,1700738947994,-16.206352,28.414385,-9.423578
1536,1700738948014,-20.037073,23.144749,-9.378088
1537,1700738948033,-23.240517,12.89517,-8.755595
1538,1700738948053,-25.404875,5.9998693,-6.9168487
1539,1700738948075,-33.564312,-2.3582888,-10.948685
1540,1700738948095,-41.371807,-8.394072,-13.31655
1541,1700738948114,-62.1846,-31.945833,-12.842498
1542,1700738948136,-59.46,-45.063663,8.477868
1543,1700738948153,-41.467575,-34.05273,2.3319526
1544,1700738948176,-31.048008,-29.240385,3.7612908
1545,1700738948193,-19.953278,-19.891027,3.727772
1546,1700738948214,-14.745889,-17.887081,5.4683566
1547,1700738948236,-8.123527,-15.5671,3.5817258
1548,1700738948255,-3.4380736,-13.682862,0.31364042
1549,1700738948275,-0.61530983,-9.9790325,-0.5386954
1550,1700738948296,2.4229321,-7.4746976,-0.6607997
1551,1700738948314,5.08289,-6.871359,0.32800564
1552,1700738948337,7.4387846,-6.969521,1.2401965
1553,1700738948355,8.626308,-6.0501475,0.8355764
1554,1700738948378,9.785102,-4.5441947,-0.80684596
1555,1700738948395,9.270349,-4.24492,-1.2473791
1556,1700738948417,8.564059,-4.498705,-0.5315128
1557,1700738948436,8.865729,-5.932832,-0.260968
1558,1700738948455,10.000581,-8.7125,0.6943185
1559,1700738948476,8.731653,-11.7148285,1.4293385
1560,1700738948495,5.9759274,-15.397111,-0.8834604
1561,1700738948515,-0.16998832,-25.467123,-1.2641385
1562,1700738948539,-9.25359,-42.683826,-0.93613285
1563,1700738948556,-28.225245,-52.780178,2.528277
1564,1700738948577,-38.76452,-53.610966,1.6639702
1565,1700738948595,-39.29364,-49.555187,1.6543933
1566,1700738948615,-39.6815,-36.147655,-5.1882353
1567,1700738948637,-38.16836,-26.755203,-6.5505357
1568,1700738948656,-31.885979,-16.29733,-7.699753
1569,1700738948676,-22.890963,-8.09719,-8.389283
1570,1700738948695,-16.46732,-1.9608512,-8.027759
1571,1700738948714,-12.978968,1.1851299,-7.1395097
1572,1700738948737,-11.346122,2.5474305,-6.3111157
1573,1700738948755,-10.328587,6.4140663,-7.237672
1574,1700738948778,-10.42196,11.956643,-7.249643
1575,1700738948795,-9.464279,18.030733,-6.1530986
1576,1700738948816,-10.43872,16.366762,-5.3821654
1577,1700738948838,-12.198458,13.996503,-5.2959743
1578,1700738948856,-12.684481,14.156915,-5.106832
1579,1700738948876,-13.905523,10.460267,-4.8602295
1580,1700738948897,-16.531963,6.5146227,-4.7309427
1581,1700738948915,-19.280506,3.7684734,-5.365406
1582,1700738948937,-23.127989,1.5131354,-5.317522
1583,1700738948955,-30.846895,-3.095703,-10.031705
1584,1700738948977,-33.353622,-6.0238113,-12.212823
1585,1700738948995,-40.95282,-9.861717,-11.880029
1586,1700738949016,-60.61161,-27.84217,-10.388441
1587,1700738949039,-56.555832,-47.16338,4.2544966
1588,1700738949058,-37.57221,-33.679234,4.0940847
1589,1700738949076,-23.48233,-21.045033,3.5769374
1590,1700738949096,-15.133749,-18.550274,4.201824
1591,1700738949116,-8.9519205,-15.5359745,3.655946
1592,1700738949137,-2.96881,-13.836092,-0.39743748
1593,1700738949158,0.40222588,-10.232818,-0.46686932
1594,1700738949177,2.4133554,-6.4882865,-0.6440403
1595,1700738949196,4.7046065,-4.7740383,-0.6919243
1596,1700738949217,5.9998693,-4.367024,-0.37110126
1597,1700738949240,6.787562,-5.590461,0.21068975
1598,1700738949258,6.0525417,-5.032612,0.04309563
1599,1700738949278,5.791574,-4.525041,-0.5602432
1600,1700738949296,6.3566055,-4.8985367,-0.8810662
1601,1700738949317,7.393295,-5.959168,1.055843
1602,1700738949338,8.640674,-9.639056,4.027047
1603,1700738949358,9.016563,-11.417948,4.4723687
1604,1700738949379,8.844181,-12.971785,4.1419687
1605,1700738949397,7.714118,-15.856798,3.6032736
1606,1700738949419,4.4699745,-18.942924,1.9129672
1607,1700738949437,-2.6264393,-25.565287,2.4779987
1608,1700738949457,-10.436325,-40.014294,1.9440918
1609,1700738949477,-37.869087,-50.419495,4.900931
1610,1700738949496,-39.20266,-48.812984,3.0310593
1611,1700738949517,-37.928944,-38.62087,-0.09816227
1612,1700738949538,-38.259342,-31.14617,-2.1571758
1613,1700738949556,-32.072727,-22.744917,-3.0909145
1614,1700738949578,-25.462336,-11.834539,-6.8162923
1615,1700738949598,-18.835184,-3.727772,-9.481039
1616,1700738949617,-15.114595,0.37588966,-10.299856
1617,1700738949636,-13.730747,3.0454245,-10.350134
1618,1700738949656,-13.323732,10.096349,-9.904813
1619,1700738949677,-12.643779,18.79209,-8.959103
1620,1700738949698,-12.480973,20.79843,-10.443508
1621,1700738949716,-12.20564,19.922152,-10.5440645
1622,1700738949737,-15.018827,15.62456,-9.030929
1623,1700738949757,-16.804901,10.350134,-7.513005
1624,1700738949778,-19.919758,8.422802,-7.055712
1625,1700738949797,-21.751322,4.6902413,-7.357382
1626,1700738949817,-23.791182,1.5993267,-8.001422
1627,1700738949837,-27.274746,-1.0845734,-8.930372
1628,1700738949859,-33.691208,-4.900931,-13.546393
1629,1700738949878,-38.21146,-7.0581064,-14.870387
1630,1700738949897,-48.015717,-12.246342,-9.734824
1631,1700738949917,-55.935734,-18.318037,-7.8529816
1632,1700738949937,-49.708416,-20.312407,-3.70383
1633,1700738949957,-32.601845,-17.360357,0.22026655
1634,1700738949978,-18.143261,-13.713987,1.9440918
1635,1700738949997,-13.723564,-10.625467,-1.6998832
1636,1700738950018,-12.241553,-11.171345,-2.5953147
1637,1700738950037,-10.3453455,-9.624691,-0.20590134
1638,1700738950058,-7.714118,-10.996569,1.8219875
1639,1700738950078,-5.341464,-11.286267,2.5019407
1640,1700738950098,-4.321534,-9.287108,1.0654198
1641,1700738950117,-1.5059528,-7.728483,0.2777274
1642,1700738950139,1.7884687,-7.6590514,3.5003228
1643,1700738950158,2.693477,-7.6015906,5.4085016
1644,1700738950182,3.9743748,-6.5146227,6.787562
1645,1700738950199,3.928885,-5.497087,4.757279
1646,1700738950218,1.8818425,-4.4915223,3.739743
1647,1700738950237,0.85473,-4.3239284,5.2720323
1648,1700738950259,0.60333884,-4.8458643,4.9919105
1649,1700738950279,-0.24899697,-5.602432,4.829105
1650,1700738950298,-1.5514427,-7.383718,6.2847795
1651,1700738950318,-3.4883518,-10.632649,4.0821137
1652,1700738950340,-6.3661823,-12.8209505,1.0582372
1653,1700738950358,-12.861651,-21.064186,2.7605145
1654,1700738950379,-29.561209,-27.152641,3.4644098
1655,1700738950399,-47.342945,-33.66487,2.7485435
1656,1700738950420,-47.682922,-29.348124,-3.8546648
1657,1700738950439,-44.21133,-21.550209,-8.341399
1658,1700738950460,-43.92642,-21.250935,-5.21936
1659,1700738950481,-38.83395,-18.425776,-3.596091
1660,1700738950501,-30.526072,-12.725182,-2.4013844
1661,1700738950519,-22.723368,-6.754043,-3.8402996
1662,1700738950540,-17.56147,-3.0071173,-7.1347213
1663,1700738950560,-15.275007,-1.7956513,-8.623915
1664,1700738950580,-13.03164,0.51714754,-9.811439
1665,1700738950601,-11.092337,1.6591818,-9.560047
1666,1700738950620,-10.716447,7.4363904,-9.598354
1667,1700738950639,-10.0748005,21.24854,-10.117896
1668,1700738950662,-11.786655,24.329878,-12.471396
1669,1700738950679,-13.570335,25.40248,-14.073117
1670,1700738950699,-18.459295,22.115242,-12.476185
1671,1700738950719,-21.53345,14.446613,-10.579977
1672,1700738950739,-24.509443,9.313444,-9.840169
1673,1700738950760,-26.42241,5.1259856,-10.189722
1674,1700738950781,-28.696901,1.3982137,-10.915166
1675,1700738950802,-35.60417,-3.0597897,-14.889541
1676,1700738950821,-43.603203,-9.617508,-18.516756
1677,1700738950840,-51.252674,-11.370064,-13.450625
1678,1700738950861,-57.75772,-16.333244,-6.241684
1679,1700738950881,-49.406746,-15.787366,-2.8634653
1680,1700738950900,-31.593885,-8.214506,-1.6400281
1681,1700738950919,-18.796877,-8.26239,1.163582
1682,1700738950940,-15.940595,-9.768343,0.18914193
1683,1700738950960,-14.537593,-11.868058,-0.33279404
1684,1700738950981,-12.188881,-14.78659,-0.4429273
1685,1700738950999,-8.719683,-12.909535,1.9201498
1686,1700738951020,-6.3422403,-11.300632,2.1811178
1687,1700738951039,-4.5777135,-9.911995,0.33518824
1688,1700738951062,-2.6048915,-8.913613,0.4309563
1689,1700738951081,-0.4165911,-8.8777,3.205836
1690,1700738951101,1.7022774,-8.070854,3.502717
1691,1700738951120,2.5833437,-7.103596,2.243367
1692,1700738951141,2.099715,-6.205771,1.8219875
1693,1700738951160,1.6017209,-6.5577183,2.942474
1694,1700738951181,0.92655605,-7.477092,3.7708676
1695,1700738951200,0.35913026,-7.8505874,3.0669725
1696,1700738951221,-0.91697925,-8.693346,2.1284454
1697,1700738951240,-2.2266076,-9.16261,2.3702598
1698,1700738951262,-3.7684734,-11.391612,1.3623008
1699,1700738951281,-6.6606693,-14.958972,-1.7501614
1700,1700738951301,-13.096283,-24.83266,-3.0334535
1701,1700738951322,-27.207708,-32.50368,-0.7398083
1702,1700738951341,-34.63931,-43.275196,-0.557849
1703,1700738951360,-41.417294,-45.46589,-1.9129672
1704,1700738951382,-43.924023,-37.08379,-4.6112323
1705,1700738951401,-41.6639,-27.214891,-8.616732
1706,1700738951422,-33.640926,-18.51915,-7.5584946
1707,1700738951442,-27.633877,-10.929531,-8.506598
1708,1700738951463,-22.333113,-5.0517654,-10.323798
1709,1700738951482,-17.736246,-0.82599956,-11.168951
1710,1700738951501,-14.389153,2.9999347,-10.144233
1711,1700738951521,-12.516887,8.576031,-8.851364
1712,1700738951541,-11.008539,17.152061,-6.8426285
1713,1700738951561,-10.18254,20.020315,-7.21373
1714,1700738951582,-8.925584,21.504719,-7.2664022
1715,1700738951602,-11.568783,21.813572,-6.5218053
1716,1700738951622,-13.666103,14.506468,-5.0517654
1717,1700738951640,-15.892711,9.138668,-3.976769
1718,1700738951661,-17.425,6.7708025,-4.3526587
1719,1700738951681,-20.06341,4.367024,-7.0700774
1720,1700738951701,-24.949976,1.5921441,-13.603854
1721,1700738951721,-32.01287,-2.815581,-17.599777
1722,1700738951742,-42.363007,-9.540894,-12.990938
1723,1700738951761,-52.375557,-16.847998,-11.68131
1724,1700738951783,-55.519142,-17.597382,-13.397953
1725,1700738951802,-53.577446,-18.744205,-14.092271
1726,1700738951822,-41.649532,-18.782513,-7.1059904
1727,1700738951843,-28.402414,-15.452178,1.3838485
1728,1700738951863,-20.752941,-15.073894,0.5291186
1729,1700738951883,-14.887146,-16.80969,1.0749966
1730,1700738951902,-8.930372,-14.78659,0.23463176
1731,1700738951922,-3.8594532,-11.18571,-2.6982653
1732,1700738951943,-1.1994951,-10.177752,-1.4173675
1733,1700738951963,0.9792285,-10.216059,1.4293385
1734,1700738951984,4.177882,-9.653421,2.0039468
1735,1700738952001,6.363788,-8.317456,0.47405192
1736,1700738952022,7.383718,-6.8306575,-0.81163436
1737,1700738952043,7.5441294,-6.6630635,1.0031705
1738,1700738952063,6.3685765,-6.612785,1.6496049
1739,1700738952083,4.867412,-6.31351,0.94570965
1740,1700738952103,4.0174704,-6.0285997,1.292869
1741,1700738952122,3.004723,-6.361394,2.645593
1742,1700738952144,1.2665327,-8.465898,2.2601264
1743,1700738952164,0.05267244,-9.698911,0.92895025
1744,1700738952184,-3.4763808,-13.2351465,-2.1763294
1745,1700738952203,-10.240001,-20.87744,-3.3375173
1746,1700738952224,-25.165455,-28.905197,0.23702596
1747,1700738952242,-39.056614,-34.141315,1.6424223
1748,1700738952264,-45.166615,-33.411083,-3.25372
1749,1700738952284,-48.037262,-24.018631,-7.335834
1750,1700738952302,-46.574406,-17.719486,-6.2129536
1751,1700738952323,-42.432438,-14.070724,-4.630386
1752,1700738952343,-35.48925,-10.199299,-4.9536033
1753,1700738952362,-27.880478,-5.7963624,-6.579266
1754,1700738952385,-20.168755,-1.9871874,-7.129933
1755,1700738952402,-15.708358,0.4357447,-7.2424603
1756,1700738952424,-11.932701,4.7309427,-7.4004774
1757,1700738952443,-9.186552,7.132327,-6.2464724
1758,1700738952463,-7.7213006,7.2352777,-5.650316
1759,1700738952484,-7.4244194,8.856153,-5.461174
1760,1700738952504,-6.9886746,10.158598,-4.927267
1761,1700738952523,-6.8929067,10.817003,-4.4484267
1762,1700738952543,-7.1059904,10.187328,-4.213795
1763,1700738952563,-7.3310456,9.883265,-3.8235402
1764,1700738952586,-7.9750857,9.404425,-3.0071173
1765,1700738952603,-8.801085,8.075643,-1.8411411
1766,1700738952624,-10.429143,5.8562174,-0.16998832
1767,1700738952644,-13.144167,4.367024,-0.91219085
1768,1700738952663,-15.617377,-0.9792285,-3.4691982
1769,1700738952684,-20.314802,-13.326127,-4.197036
1770,1700738952704,-27.145458,-29.115887,-4.249708
1771,1700738952725,-21.320366,-40.03584,-5.7245364
1772,1700738952747,-14.616601,-40.5482,-8.039729
1773,1700738952763,-12.373235,-35.189976,-3.6176388
1774,1700738952784,-8.693346,-22.4624,2.1068976
1775,1700738952804,-5.566519,-12.047623,3.3662477
1776,1700738952823,-4.1419687,-6.5265937,1.0342951
1777,1700738952843,-4.441244,-3.2130187,1.8004397
1778,1700738952864,-3.8283286,-2.4349031,2.15957
1779,1700738952886,-3.6224272,-1.6807296,1.1587936
1780,1700738952906,-3.3135753,-2.8299465,-0.9624691
1781,1700738952925,-2.516306,-5.4539914,-2.0853498
1782,1700738952944,-1.460463,-5.887342,-1.7118542
1783,1700738952964,-1.3479356,-5.097255,-1.5586253
1784,1700738952987,-1.6256629,-4.855441,-1.2401965
1785,1700738953004,-0.02633622,-6.0836663,-0.45968673
1786,1700738953024,1.8435353,-10.759542,-2.0518308
1787,1700738953044,1.5562311,-11.113884,-2.4612393
1788,1700738953066,1.3192052,-11.731588,-3.5577838
1789,1700738953086,1.7980455,-14.109031,-5.2265425
1790,1700738953106,0.22744916,-10.807426,-5.389348
1791,1700738953124,-2.042254,-7.728483,-5.913678
1792,1700738953144,-4.414908,-8.312668,-5.2361193
1793,1700738953165,-6.612785,-7.2783732,-4.522647
1794,1700738953187,-9.643845,-8.559271,-5.3701944
1795,1700738953204,-9.634268,-11.370064,-4.4675803
1796,1700738953225,-8.295909,-11.990162,-2.801216
1797,1700738953246,-6.265626,-10.603919,-1.7764976
1798,1700738953265,-4.9440265,-7.038953,-0.8810662
1799,1700738953286,-4.927267,-4.31914,-1.364695
1800,1700738953307,-4.5418005,-4.235343,-1.2641385
1801,1700738953325,-3.857059,-3.8857894,-0.8403648
1802,1700738953346,-3.1651347,-3.6990416,-1.541866
1803,1700738953364,-3.193865,-3.4404678,-2.0973208
1804,1700738953388,-2.360683,-4.3622355,-2.0757728
1805,1700738953404,-2.681506,-4.333505,-1.436521
1806,1700738953425,-4.355053,-2.765303,-0.8523358
1807,1700738953444,-4.7788267,-4.6112323,-4.6830587
1808,1700738953464,-5.0493712,-9.153033,-7.192182
1809,1700738953485,-5.604826,-8.480263,-4.7261543
1810,1700738953504,-7.795521,-5.595249,-0.81402856
1811,1700738953524,-8.710106,-12.643779,-4.9895163
1812,1700738953546,-8.985439,-18.665197,-6.093243
1813,1700738953565,-12.756307,-11.96622,-0.80445176
1814,1700738953586,-13.115437,-10.065224,0.23702596
1815,1700738953605,-12.373235,-10.000581,2.231396
1816,1700738953625,-11.791444,-12.287044,5.2744265
1817,1700738953645,-10.259154,-15.540763,2.6479871
1818,1700738953665,-11.444284,-9.61272,-1.5298948
1819,1700738953686,-12.136209,-7.395689,-0.10055647
1820,1700738953707,-12.569559,-2.27928,0.4309563
1821,1700738953725,-9.251195,-0.30885202,-0.40462008
1822,1700738953745,-4.819528,-0.31124622,-0.59136784
1823,1700738953765,-3.016694,0.12689269,-0.38067806
1824,1700738953786,-1.5466543,-1.6112977,-0.92895025
1825,1700738953805,-1.7764976,-0.9720459,-1.6400281
1826,1700738953828,-3.406949,5.755661,0.80205756
1827,1700738953847,-3.7014358,5.746084,-1.7549498
1828,1700738953867,-6.078878,0.033518825,-2.80361
1829,1700738953887,-6.0836663,-3.4021606,-2.4636335
1830,1700738953906,-5.121197,-9.414001,-3.4021606
1831,1700738953927,-3.9121256,-12.952631,-3.1052797
1832,1700738953947,-3.9863458,-12.13142,-2.3415294
1833,1700738953966,-3.8235402,-11.949461,-0.21547815
1834,1700738953987,-2.1499932,-10.9103775,-0.80205756
1835,1700738954006,-2.8203697,-8.058883,-0.34237084
1836,1700738954028,-4.8698063,-7.369353,2.5594015
1837,1700738954046,-4.3047748,-7.311892,3.5338416
1838,1700738954067,-3.655946,-9.368511,2.5378537
1839,1700738954086,-3.7900212,-7.2783732,-0.8331822
1840,1700738954107,-5.197812,-7.9104424,-0.3878607
1841,1700738954126,-7.029376,-7.8625584,1.3455414
1842,1700738954146,-7.0605006,-11.528081,2.7126305
1843,1700738954166,-8.1163435,-11.504139,1.8315643
1844,1700738954190,-9.5385,-10.656591,1.2856863
1845,1700738954207,-7.431602,-8.722076,0.58418524
1846,1700738954227,-7.711724,-9.076419,1.2952632
1847,1700738954246,-7.479486,-8.8777,1.2425907
1848,1700738954268,-4.63278,-12.392388,1.4269443
1849,1700738954289,-5.185841,-12.260707,1.1731589
1850,1700738954307,-5.8226986,-9.816227,-0.8403648
1851,1700738954327,-5.509058,-8.930372,-1.9321208
1852,1700738954348,-4.817134,-6.670246,-0.78290397
1853,1700738954366,-4.4675803,-4.831499,0.6512229
1854,1700738954388,-3.9312792,-6.8330517,0.16998832